,name,location,description,score,url,lat,lon,rank,lat_location,lon_location,Forecast
0,Au Cœur des Remparts,Aigues Mortes,Managed by a private host,9.9,https://www.booking.com/hotel/fr/au-coeur-des-remparts-aigues-mortes.en-gb.html?label=gen173nr-1FCAEoggI46AdIM1gEaE2IAQGYAQm4AQrIAQXYAQHoAQH4AQuIAgGoAgO4Ao7as58GwAIB0gIkYjhmZjY4NmEtZDg2Ny00Y2Q2LWIzY2UtNzVhNDYwM2MwMjBj2AIG4AIB&sid=b764fed640d524b81967b116ed27a5b1&aid=304142&ucfs=1&arphpl=1&group_adults=2&req_adults=2&no_rooms=1&group_children=0&req_children=0&hpos=25&hapos=25&sr_order=popularity&srpvid=306d6698467c0059&srepoch=1676471729&from=searchresults#hotelTmpl,43.565401,4.192973,1,43.5658225,4.1912837,11.72
1,Nouveau! Magnifique appartement climatisé,Aigues Mortes,"Nouveau! Magnifique appartement climatisé is located in the Aigues-Mortes Medieval City district of Aigues-Mortes, 24 km from Montpellier Arena, 24 km from Parc des Expositions de Montpellier and 28...",9.5,https://www.booking.com/hotel/fr/nouveau-magnifique-appartement-climatise.en-gb.html?label=gen173nr-1FCAEoggI46AdIM1gEaE2IAQGYAQm4AQrIAQXYAQHoAQH4AQuIAgGoAgO4Ao7as58GwAIB0gIkYjhmZjY4NmEtZDg2Ny00Y2Q2LWIzY2UtNzVhNDYwM2MwMjBj2AIG4AIB&sid=b764fed640d524b81967b116ed27a5b1&aid=304142&ucfs=1&arphpl=1&group_adults=2&req_adults=2&no_rooms=1&group_children=0&req_children=0&hpos=19&hapos=19&sr_order=popularity&srpvid=306d6698467c0059&srepoch=1676471729&from=searchresults#hotelTmpl,43.5656945,4.19151132,2,43.5658225,4.1912837,11.72
2,la cabane du saunier Stella - Etang du Roy,Aigues Mortes,Managed by a private host,9.5,https://www.booking.com/hotel/fr/la-cabane-du-saunier-stella-etang-du-roy.en-gb.html?label=gen173nr-1FCAEoggI46AdIM1gEaE2IAQGYAQm4AQrIAQXYAQHoAQH4AQuIAgGoAgO4Ao7as58GwAIB0gIkYjhmZjY4NmEtZDg2Ny00Y2Q2LWIzY2UtNzVhNDYwM2MwMjBj2AIG4AIB&sid=b764fed640d524b81967b116ed27a5b1&aid=304142&ucfs=1&arphpl=1&group_adults=2&req_adults=2&no_rooms=1&group_children=0&req_children=0&hpos=4&hapos=4&sr_order=popularity&srpvid=306d6698467c0059&srepoch=1676471729&from=searchresults#hotelTmpl,43.5793021,4.2128337,3,43.5658225,4.1912837,11.72
3,Boutique Hôtel des Remparts & Spa,Aigues Mortes,"Located in a former military station dating from the 18th-century, inside the medieval ramparts of Aigues-Mortes, this refined hotel offers a bar and a terrace with sun loungers. ",9.5,https://www.booking.com/hotel/fr/les-remparts-aigues-mortes.en-gb.html?label=gen173nr-1FCAEoggI46AdIM1gEaE2IAQGYAQm4AQrIAQXYAQHoAQH4AQuIAgGoAgO4Ao7as58GwAIB0gIkYjhmZjY4NmEtZDg2Ny00Y2Q2LWIzY2UtNzVhNDYwM2MwMjBj2AIG4AIB&sid=b764fed640d524b81967b116ed27a5b1&aid=304142&ucfs=1&arphpl=1&group_adults=2&req_adults=2&no_rooms=1&group_children=0&req_children=0&hpos=16&hapos=16&sr_order=popularity&srpvid=306d6698467c0059&srepoch=1676471729&from_sustainable_property_sr=1&from=searchresults#hotelTmpl,43.56803552,4.1903438,4,43.5658225,4.1912837,11.72
4,Lou Mirèio,Aigues Mortes,Managed by a private host,9.4,https://www.booking.com/hotel/fr/42-rue-pasteur.en-gb.html?label=gen173nr-1FCAEoggI46AdIM1gEaE2IAQGYAQm4AQrIAQXYAQHoAQH4AQuIAgGoAgO4Ao7as58GwAIB0gIkYjhmZjY4NmEtZDg2Ny00Y2Q2LWIzY2UtNzVhNDYwM2MwMjBj2AIG4AIB&sid=b764fed640d524b81967b116ed27a5b1&aid=304142&ucfs=1&arphpl=1&group_adults=2&req_adults=2&no_rooms=1&group_children=0&req_children=0&hpos=20&hapos=20&sr_order=popularity&srpvid=306d6698467c0059&srepoch=1676471729&from=searchresults#hotelTmpl,43.56607498,4.19257857,5,43.5658225,4.1912837,11.72
5,11 le tadorne,Aigues Mortes,Managed by a private host,9.3,https://www.booking.com/hotel/fr/11-le-tadorne.en-gb.html?label=gen173nr-1FCAEoggI46AdIM1gEaE2IAQGYAQm4AQrIAQXYAQHoAQH4AQuIAgGoAgO4Ao7as58GwAIB0gIkYjhmZjY4NmEtZDg2Ny00Y2Q2LWIzY2UtNzVhNDYwM2MwMjBj2AIG4AIB&sid=b764fed640d524b81967b116ed27a5b1&aid=304142&ucfs=1&arphpl=1&group_adults=2&req_adults=2&no_rooms=1&group_children=0&req_children=0&hpos=27&hapos=27&sr_order=popularity&srpvid=306d6698467c0059&srepoch=1676471729&from=searchresults#hotelTmpl,43.5716095,4.1895776,6,43.5658225,4.1912837,11.72
6,"Appartement centre village, clim et parking gratuit",Aigues Mortes,Managed by a private host,9.3,https://www.booking.com/hotel/fr/appartement-centre-village-clim-et-parking-gratuit.en-gb.html?label=gen173nr-1FCAEoggI46AdIM1gEaE2IAQGYAQm4AQrIAQXYAQHoAQH4AQuIAgGoAgO4Ao7as58GwAIB0gIkYjhmZjY4NmEtZDg2Ny00Y2Q2LWIzY2UtNzVhNDYwM2MwMjBj2AIG4AIB&sid=b764fed640d524b81967b116ed27a5b1&aid=304142&ucfs=1&arphpl=1&group_adults=2&req_adults=2&no_rooms=1&group_children=0&req_children=0&hpos=26&hapos=26&sr_order=popularity&srpvid=306d6698467c0059&srepoch=1676471729&from=searchresults#hotelTmpl,43.56724459,4.19366391,7,43.5658225,4.1912837,11.72
7,"Appartement moderne tout confort, idéalement placé",Aigues Mortes,Managed by a private host,9.2,https://www.booking.com/hotel/fr/appartement-moderne-tout-confort-idealement-place-aigues-mortes.en-gb.html?label=gen173nr-1FCAEoggI46AdIM1gEaE2IAQGYAQm4AQrIAQXYAQHoAQH4AQuIAgGoAgO4Ao7as58GwAIB0gIkYjhmZjY4NmEtZDg2Ny00Y2Q2LWIzY2UtNzVhNDYwM2MwMjBj2AIG4AIB&sid=b764fed640d524b81967b116ed27a5b1&aid=304142&ucfs=1&arphpl=1&group_adults=2&req_adults=2&no_rooms=1&group_children=0&req_children=0&hpos=15&hapos=15&sr_order=popularity&srpvid=306d6698467c0059&srepoch=1676471729&from=searchresults#hotelTmpl,43.567701,4.193413,8,43.5658225,4.1912837,11.72
8,CABANE DU SAUNIER MAIA ETANG DU ROY,Aigues Mortes,Managed by a private host,9.2,https://www.booking.com/hotel/fr/cabane-du-saunier-maia-etang-du-roy.en-gb.html?label=gen173nr-1FCAEoggI46AdIM1gEaE2IAQGYAQm4AQrIAQXYAQHoAQH4AQuIAgGoAgO4Ao7as58GwAIB0gIkYjhmZjY4NmEtZDg2Ny00Y2Q2LWIzY2UtNzVhNDYwM2MwMjBj2AIG4AIB&sid=b764fed640d524b81967b116ed27a5b1&aid=304142&ucfs=1&arphpl=1&group_adults=2&req_adults=2&no_rooms=1&group_children=0&req_children=0&hpos=1&hapos=1&sr_order=popularity&srpvid=306d6698467c0059&srepoch=1676471729&from=searchresults#hotelTmpl,43.5575394,4.1823967,9,43.5658225,4.1912837,11.72
9,La Maison de Lyna,Aigues Mortes,"Situated within 24 km of Montpellier Arena and 24 km of Parc des Expositions de Montpellier in Aigues-Mortes, La Maison de Lyna features accommodation with free WiFi and seating area. ",9.1,https://www.booking.com/hotel/fr/la-maison-de-lyna.en-gb.html?label=gen173nr-1FCAEoggI46AdIM1gEaE2IAQGYAQm4AQrIAQXYAQHoAQH4AQuIAgGoAgO4Ao7as58GwAIB0gIkYjhmZjY4NmEtZDg2Ny00Y2Q2LWIzY2UtNzVhNDYwM2MwMjBj2AIG4AIB&sid=b764fed640d524b81967b116ed27a5b1&aid=304142&ucfs=1&arphpl=1&group_adults=2&req_adults=2&no_rooms=1&group_children=0&req_children=0&hpos=13&hapos=13&sr_order=popularity&srpvid=306d6698467c0059&srepoch=1676471729&from=searchresults#hotelTmpl,43.5660175,4.1923532,10,43.5658225,4.1912837,11.72
10,La Villa Mazarin,Aigues Mortes,"Set in a building dating from the 15th century, La Villa Mazarin is located in the fortified city of Aigues-Mortes. It offers a terrace and guests can enjoy a drink at the bar. ",9.1,https://www.booking.com/hotel/fr/la-villa-mazarin.en-gb.html?label=gen173nr-1FCAEoggI46AdIM1gEaE2IAQGYAQm4AQrIAQXYAQHoAQH4AQuIAgGoAgO4Ao7as58GwAIB0gIkYjhmZjY4NmEtZDg2Ny00Y2Q2LWIzY2UtNzVhNDYwM2MwMjBj2AIG4AIB&sid=b764fed640d524b81967b116ed27a5b1&aid=304142&ucfs=1&arphpl=1&group_adults=2&req_adults=2&no_rooms=1&group_children=0&req_children=0&hpos=2&hapos=2&sr_order=popularity&srpvid=306d6698467c0059&srepoch=1676471729&from=searchresults#hotelTmpl,43.56498662,4.19175196,11,43.5658225,4.1912837,11.72
11,Appartement avec extérieur,Aigues Mortes,Managed by a private host,9.0,https://www.booking.com/hotel/fr/appartement-avec-exterieur-aigues-mortes1.en-gb.html?label=gen173nr-1FCAEoggI46AdIM1gEaE2IAQGYAQm4AQrIAQXYAQHoAQH4AQuIAgGoAgO4Ao7as58GwAIB0gIkYjhmZjY4NmEtZDg2Ny00Y2Q2LWIzY2UtNzVhNDYwM2MwMjBj2AIG4AIB&sid=b764fed640d524b81967b116ed27a5b1&aid=304142&ucfs=1&arphpl=1&group_adults=2&req_adults=2&no_rooms=1&group_children=0&req_children=0&hpos=23&hapos=23&sr_order=popularity&srpvid=306d6698467c0059&srepoch=1676471729&from=searchresults#hotelTmpl,43.5667316,4.2024508,12,43.5658225,4.1912837,11.72
12,"appartement n2 centre village, clim, parking gratuit",Aigues Mortes,Managed by a private host,9.0,https://www.booking.com/hotel/fr/appartement-n2-centre-village-clim-parking-gratuit.en-gb.html?label=gen173nr-1FCAEoggI46AdIM1gEaE2IAQGYAQm4AQrIAQXYAQHoAQH4AQuIAgGoAgO4Ao7as58GwAIB0gIkYjhmZjY4NmEtZDg2Ny00Y2Q2LWIzY2UtNzVhNDYwM2MwMjBj2AIG4AIB&sid=b764fed640d524b81967b116ed27a5b1&aid=304142&ucfs=1&arphpl=1&group_adults=2&req_adults=2&no_rooms=1&group_children=0&req_children=0&hpos=21&hapos=21&sr_order=popularity&srpvid=306d6698467c0059&srepoch=1676471729&from=searchresults#hotelTmpl,43.5672407,4.1938007,13,43.5658225,4.1912837,11.72
13,La Paloma,Aigues Mortes,Managed by a private host,9.0,https://www.booking.com/hotel/fr/la-paloma-aigues-mortes.en-gb.html?label=gen173nr-1FCAEoggI46AdIM1gEaE2IAQGYAQm4AQrIAQXYAQHoAQH4AQuIAgGoAgO4Ao7as58GwAIB0gIkYjhmZjY4NmEtZDg2Ny00Y2Q2LWIzY2UtNzVhNDYwM2MwMjBj2AIG4AIB&sid=b764fed640d524b81967b116ed27a5b1&aid=304142&ucfs=1&arphpl=1&group_adults=2&req_adults=2&no_rooms=1&group_children=0&req_children=0&hpos=7&hapos=7&sr_order=popularity&srpvid=306d6698467c0059&srepoch=1676471729&from=searchresults#hotelTmpl,43.57006008,4.1871778,14,43.5658225,4.1912837,11.72
14,le dit vin secret,Aigues Mortes,Managed by a private host,8.8,https://www.booking.com/hotel/fr/le-dit-vin-secret.en-gb.html?label=gen173nr-1FCAEoggI46AdIM1gEaE2IAQGYAQm4AQrIAQXYAQHoAQH4AQuIAgGoAgO4Ao7as58GwAIB0gIkYjhmZjY4NmEtZDg2Ny00Y2Q2LWIzY2UtNzVhNDYwM2MwMjBj2AIG4AIB&sid=b764fed640d524b81967b116ed27a5b1&aid=304142&ucfs=1&arphpl=1&group_adults=2&req_adults=2&no_rooms=1&group_children=0&req_children=0&hpos=24&hapos=24&sr_order=popularity&srpvid=306d6698467c0059&srepoch=1676471729&from=searchresults#hotelTmpl,43.566769,4.189113,15,43.5658225,4.1912837,11.72
15,Les Manades,Aigues Mortes,Managed by a private host,8.7,https://www.booking.com/hotel/fr/les-manades.en-gb.html?label=gen173nr-1FCAEoggI46AdIM1gEaE2IAQGYAQm4AQrIAQXYAQHoAQH4AQuIAgGoAgO4Ao7as58GwAIB0gIkYjhmZjY4NmEtZDg2Ny00Y2Q2LWIzY2UtNzVhNDYwM2MwMjBj2AIG4AIB&sid=b764fed640d524b81967b116ed27a5b1&aid=304142&ucfs=1&arphpl=1&group_adults=2&req_adults=2&no_rooms=1&group_children=0&req_children=0&hpos=30&hapos=30&sr_order=popularity&srpvid=306d6698467c0059&srepoch=1676471729&from=searchresults#hotelTmpl,43.5700838,4.1911109,16,43.5658225,4.1912837,11.72
16,Maison des Croisades,Aigues Mortes,Maison des Croisades in Aigues-Mortes offers bike rental and a garden. The hotel features free WiFi and a terrace. Guests can enjoy Canal & Garden Views. Le Grau-du-Roi beach is a 10-minute drive...,8.7,https://www.booking.com/hotel/fr/des-croisades.en-gb.html?label=gen173nr-1FCAEoggI46AdIM1gEaE2IAQGYAQm4AQrIAQXYAQHoAQH4AQuIAgGoAgO4Ao7as58GwAIB0gIkYjhmZjY4NmEtZDg2Ny00Y2Q2LWIzY2UtNzVhNDYwM2MwMjBj2AIG4AIB&sid=b764fed640d524b81967b116ed27a5b1&aid=304142&ucfs=1&arphpl=1&group_adults=2&req_adults=2&no_rooms=1&group_children=0&req_children=0&hpos=10&hapos=10&sr_order=popularity&srpvid=306d6698467c0059&srepoch=1676471729&from_sustainable_property_sr=1&from=searchresults#hotelTmpl,43.5689974,4.1882982,17,43.5658225,4.1912837,11.72
17,Nid douillet t3 au coeur des remparts,Aigues Mortes,Managed by a private host,8.6,https://www.booking.com/hotel/fr/nid-douillet-t3-au-coeur-des-remparts.en-gb.html?label=gen173nr-1FCAEoggI46AdIM1gEaE2IAQGYAQm4AQrIAQXYAQHoAQH4AQuIAgGoAgO4Ao7as58GwAIB0gIkYjhmZjY4NmEtZDg2Ny00Y2Q2LWIzY2UtNzVhNDYwM2MwMjBj2AIG4AIB&sid=b764fed640d524b81967b116ed27a5b1&aid=304142&ucfs=1&arphpl=1&group_adults=2&req_adults=2&no_rooms=1&group_children=0&req_children=0&hpos=11&hapos=11&sr_order=popularity&srpvid=306d6698467c0059&srepoch=1676471729&from_sustainable_property_sr=1&from=searchresults#hotelTmpl,43.5655416,4.1896099,18,43.5658225,4.1912837,11.72
18,Charmant appartement au cœur des remparts,Aigues Mortes,Managed by a private host,8.6,https://www.booking.com/hotel/fr/charmant-appartement-au-coeur-des-remparts.en-gb.html?label=gen173nr-1FCAEoggI46AdIM1gEaE2IAQGYAQm4AQrIAQXYAQHoAQH4AQuIAgGoAgO4Ao7as58GwAIB0gIkYjhmZjY4NmEtZDg2Ny00Y2Q2LWIzY2UtNzVhNDYwM2MwMjBj2AIG4AIB&sid=b764fed640d524b81967b116ed27a5b1&aid=304142&ucfs=1&arphpl=1&group_adults=2&req_adults=2&no_rooms=1&group_children=0&req_children=0&hpos=17&hapos=17&sr_order=popularity&srpvid=306d6698467c0059&srepoch=1676471729&from=searchresults#hotelTmpl,43.5656986,4.1908793,19,43.5658225,4.1912837,11.72
19,La maison sur la place,Aigues Mortes,Managed by a private host,8.5,https://www.booking.com/hotel/fr/la-maison-sur-la-place-aigues-mortes.en-gb.html?label=gen173nr-1FCAEoggI46AdIM1gEaE2IAQGYAQm4AQrIAQXYAQHoAQH4AQuIAgGoAgO4Ao7as58GwAIB0gIkYjhmZjY4NmEtZDg2Ny00Y2Q2LWIzY2UtNzVhNDYwM2MwMjBj2AIG4AIB&sid=b764fed640d524b81967b116ed27a5b1&aid=304142&ucfs=1&arphpl=1&group_adults=2&req_adults=2&no_rooms=1&group_children=0&req_children=0&hpos=29&hapos=29&sr_order=popularity&srpvid=306d6698467c0059&srepoch=1676471729&from=searchresults#hotelTmpl,43.5658726,4.1929586,20,43.5658225,4.1912837,11.72
20,Mas du Couvin,Saintes Maries de la mer,"Located 34 km from Arles Amphitheatre, Mas du Couvin offers a garden, a shared lounge and air-conditioned accommodation with a terrace and free WiFi. ",9.7,https://www.booking.com/hotel/fr/mas-du-couvin.en-gb.html?label=gen173nr-1FCAEoggI46AdIM1gEaE2IAQGYAQm4AQrIAQXYAQHoAQH4AQuIAgGoAgO4Ao7as58GwAIB0gIkYjhmZjY4NmEtZDg2Ny00Y2Q2LWIzY2UtNzVhNDYwM2MwMjBj2AIG4AIB&sid=b764fed640d524b81967b116ed27a5b1&aid=304142&ucfs=1&arphpl=1&group_adults=2&req_adults=2&no_rooms=1&group_children=0&req_children=0&hpos=13&hapos=13&sr_order=popularity&srpvid=7ed96698e6d20014&srepoch=1676471730&from_beach_sr=1&from_sustainable_property_sr=1&from=searchresults#hotelTmpl,43.50038852,4.427241,1,43.4522771,4.4287172,11.95
21,Mas des Cabidoules,Saintes Maries de la mer,"Featuring free WiFi, Mas des Cabidoules offers accommodation in Saintes-Maries-de-la-Mer, 1.9 km from Eglise des Stes Maries. The bed and breakfast has an outdoor pool and views of the lake. ",9.7,https://www.booking.com/hotel/fr/mas-des-cabidoules.en-gb.html?label=gen173nr-1FCAEoggI46AdIM1gEaE2IAQGYAQm4AQrIAQXYAQHoAQH4AQuIAgGoAgO4Ao7as58GwAIB0gIkYjhmZjY4NmEtZDg2Ny00Y2Q2LWIzY2UtNzVhNDYwM2MwMjBj2AIG4AIB&sid=b764fed640d524b81967b116ed27a5b1&aid=304142&ucfs=1&arphpl=1&group_adults=2&req_adults=2&no_rooms=1&group_children=0&req_children=0&hpos=24&hapos=24&sr_order=popularity&srpvid=7ed96698e6d20014&srepoch=1676471730&from_beach_sr=1&from=searchresults#hotelTmpl,43.46610858,4.4140926,2,43.4522771,4.4287172,11.95
22,Gîtes Equestres Lou Caloun - Les Saintes Maries de la Mer,Saintes Maries de la mer,"Offering a heated outdoor pool, Gîtes Equestres Lou Caloun - Les Saintes Maries de la Mer is located in Saintes-Maries-de-la-Mer. Free WiFi access is provided in this holiday home. ",9.0,https://www.booking.com/hotel/fr/gites-equestres-les-cabanes-de-cambon-saintes-maries-de-la-mer.en-gb.html?label=gen173nr-1FCAEoggI46AdIM1gEaE2IAQGYAQm4AQrIAQXYAQHoAQH4AQuIAgGoAgO4Ao7as58GwAIB0gIkYjhmZjY4NmEtZDg2Ny00Y2Q2LWIzY2UtNzVhNDYwM2MwMjBj2AIG4AIB&sid=b764fed640d524b81967b116ed27a5b1&aid=304142&ucfs=1&arphpl=1&group_adults=2&req_adults=2&no_rooms=1&group_children=0&req_children=0&hpos=26&hapos=26&sr_order=popularity&srpvid=7ed96698e6d20014&srepoch=1676471730&from_beach_sr=1&from_sustainable_property_sr=1&from=searchresults#hotelTmpl,43.51843096,4.37782645,3,43.4522771,4.4287172,11.95
23,La Tramontane,Saintes Maries de la mer,"La Tramontane welcomes you in Saintes-Maries-de-la-Mer, in the heart of the Camargues area. It offers individually-decorated rooms leading to the outdoor swimming pool, the garden and the private...",9.0,https://www.booking.com/hotel/fr/la-tramontane.en-gb.html?label=gen173nr-1FCAEoggI46AdIM1gEaE2IAQGYAQm4AQrIAQXYAQHoAQH4AQuIAgGoAgO4Ao7as58GwAIB0gIkYjhmZjY4NmEtZDg2Ny00Y2Q2LWIzY2UtNzVhNDYwM2MwMjBj2AIG4AIB&sid=b764fed640d524b81967b116ed27a5b1&aid=304142&ucfs=1&arphpl=1&group_adults=2&req_adults=2&no_rooms=1&group_children=0&req_children=0&hpos=4&hapos=4&sr_order=popularity&srpvid=7ed96698e6d20014&srepoch=1676471730&from_beach_sr=1&from_sustainable_property_sr=1&from=searchresults#hotelTmpl,43.47260109,4.41012025,4,43.4522771,4.4287172,11.95
24,Hôtel Casa Marina,Saintes Maries de la mer,"Facing the beachfront, Hôtel Casa Marina offers 3-star accommodation in Saintes-Maries-de-la-Mer and has a garden, terrace and bar. With free WiFi, this 3-star hotel offers a concierge service. ",8.9,https://www.booking.com/hotel/fr/casa-marina-saintes-maries-de-la-mer.en-gb.html?label=gen173nr-1FCAEoggI46AdIM1gEaE2IAQGYAQm4AQrIAQXYAQHoAQH4AQuIAgGoAgO4Ao7as58GwAIB0gIkYjhmZjY4NmEtZDg2Ny00Y2Q2LWIzY2UtNzVhNDYwM2MwMjBj2AIG4AIB&sid=b764fed640d524b81967b116ed27a5b1&aid=304142&ucfs=1&arphpl=1&group_adults=2&req_adults=2&no_rooms=1&group_children=0&req_children=0&hpos=2&hapos=2&sr_order=popularity&srpvid=7ed96698e6d20014&srepoch=1676471730&from_beach_sr=1&from=searchresults#hotelTmpl,43.451133,4.430953,5,43.4522771,4.4287172,11.95
25,Le Maset,Saintes Maries de la mer,"Located just 400 metres from the sandy beach in Saintes-Maries-de-La-Mer, Le Maset is an air-conditioned hotel offering a swimming pool surrounded by sun loungers. ",8.8,https://www.booking.com/hotel/fr/mazet-de-la-grenouilla-re.en-gb.html?label=gen173nr-1FCAEoggI46AdIM1gEaE2IAQGYAQm4AQrIAQXYAQHoAQH4AQuIAgGoAgO4Ao7as58GwAIB0gIkYjhmZjY4NmEtZDg2Ny00Y2Q2LWIzY2UtNzVhNDYwM2MwMjBj2AIG4AIB&sid=b764fed640d524b81967b116ed27a5b1&aid=304142&ucfs=1&arphpl=1&group_adults=2&req_adults=2&no_rooms=1&group_children=0&req_children=0&hpos=18&hapos=18&sr_order=popularity&srpvid=7ed96698e6d20014&srepoch=1676471730&from_beach_sr=1&from=searchresults#hotelTmpl,43.45656073,4.42670293,6,43.4522771,4.4287172,11.95
26,Mangio Fango Hotel et Spa,Saintes Maries de la mer,"Mangio Fango Hotel et Spa in Saintes-Maries-de-la-Mer has 4-star accommodation with a garden, a terrace and a bar. ",8.6,https://www.booking.com/hotel/fr/mangio-fango.en-gb.html?label=gen173nr-1FCAEoggI46AdIM1gEaE2IAQGYAQm4AQrIAQXYAQHoAQH4AQuIAgGoAgO4Ao7as58GwAIB0gIkYjhmZjY4NmEtZDg2Ny00Y2Q2LWIzY2UtNzVhNDYwM2MwMjBj2AIG4AIB&sid=b764fed640d524b81967b116ed27a5b1&aid=304142&ucfs=1&arphpl=1&group_adults=2&req_adults=2&no_rooms=1&group_children=0&req_children=0&hpos=20&hapos=20&sr_order=popularity&srpvid=7ed96698e6d20014&srepoch=1676471730&from_beach_sr=1&from_sustainable_property_sr=1&from=searchresults#hotelTmpl,43.45978795,4.42328453,7,43.4522771,4.4287172,11.95
27,Le Mas de Cocagne,Saintes Maries de la mer,"Le Mas de Cocagne features a seasonal heated outdoor swimming pool and a garden. It is located at the entrance of Saintes-Maries-de-la-Mer, just 800 metres from the sandy beaches and the town centre. ",8.6,https://www.booking.com/hotel/fr/le-mas-de-cocagne-les-saintes-maries-de-la-mer.en-gb.html?label=gen173nr-1FCAEoggI46AdIM1gEaE2IAQGYAQm4AQrIAQXYAQHoAQH4AQuIAgGoAgO4Ao7as58GwAIB0gIkYjhmZjY4NmEtZDg2Ny00Y2Q2LWIzY2UtNzVhNDYwM2MwMjBj2AIG4AIB&sid=b764fed640d524b81967b116ed27a5b1&aid=304142&ucfs=1&arphpl=1&group_adults=2&req_adults=2&no_rooms=1&group_children=0&req_children=0&hpos=27&hapos=27&sr_order=popularity&srpvid=7ed96698e6d20014&srepoch=1676471730&from_beach_sr=1&from_sustainable_property_sr=1&from=searchresults#hotelTmpl,43.45831608,4.42523181,8,43.4522771,4.4287172,11.95
28,Logis Le Nid du Pont de Gau,Saintes Maries de la mer,"In this unspoiled natural setting of the Camargue, Le Nid du Pont de Gau offers you a warm welcome in its cozy accommodation. ",8.6,https://www.booking.com/hotel/fr/l-39-hostellerie-du-pont-de-gau.en-gb.html?label=gen173nr-1FCAEoggI46AdIM1gEaE2IAQGYAQm4AQrIAQXYAQHoAQH4AQuIAgGoAgO4Ao7as58GwAIB0gIkYjhmZjY4NmEtZDg2Ny00Y2Q2LWIzY2UtNzVhNDYwM2MwMjBj2AIG4AIB&sid=b764fed640d524b81967b116ed27a5b1&aid=304142&ucfs=1&arphpl=1&group_adults=2&req_adults=2&no_rooms=1&group_children=0&req_children=0&hpos=21&hapos=21&sr_order=popularity&srpvid=7ed96698e6d20014&srepoch=1676471730&from_beach_sr=1&from_sustainable_property_sr=1&from=searchresults#hotelTmpl,43.4893118,4.40394696,9,43.4522771,4.4287172,11.95
29,Abrivado,Saintes Maries de la mer,"Set in the Camargue Regional Park, Abrivado is an air-conditioned hotel located beside the harbour in the town of Saintes-Maries-de-la-Mer. It is 50 metres from the beach and the surrounding shops. ",8.5,https://www.booking.com/hotel/fr/abrivado.en-gb.html?label=gen173nr-1FCAEoggI46AdIM1gEaE2IAQGYAQm4AQrIAQXYAQHoAQH4AQuIAgGoAgO4Ao7as58GwAIB0gIkYjhmZjY4NmEtZDg2Ny00Y2Q2LWIzY2UtNzVhNDYwM2MwMjBj2AIG4AIB&sid=b764fed640d524b81967b116ed27a5b1&aid=304142&ucfs=1&arphpl=1&group_adults=2&req_adults=2&no_rooms=1&group_children=0&req_children=0&hpos=11&hapos=11&sr_order=popularity&srpvid=7ed96698e6d20014&srepoch=1676471730&from_beach_sr=1&from=searchresults#hotelTmpl,43.45033695,4.42622423,10,43.4522771,4.4287172,11.95
30,L'Estrambord de Camargue,Saintes Maries de la mer,Managed by a private host,8.5,https://www.booking.com/hotel/fr/l-39-estrambord-de-camargue.en-gb.html?label=gen173nr-1FCAEoggI46AdIM1gEaE2IAQGYAQm4AQrIAQXYAQHoAQH4AQuIAgGoAgO4Ao7as58GwAIB0gIkYjhmZjY4NmEtZDg2Ny00Y2Q2LWIzY2UtNzVhNDYwM2MwMjBj2AIG4AIB&sid=b764fed640d524b81967b116ed27a5b1&aid=304142&ucfs=1&arphpl=1&group_adults=2&req_adults=2&no_rooms=1&group_children=0&req_children=0&hpos=16&hapos=16&sr_order=popularity&srpvid=7ed96698e6d20014&srepoch=1676471730&from_beach_sr=1&from=searchresults#hotelTmpl,43.452083,4.425598,11,43.4522771,4.4287172,11.95
31,Hôtel Les Arcades,Saintes Maries de la mer,"Just 100 metres from the nearest beach and 400 metres from the church in Saintes-Maries-de-la-Mer, this 3-star hotel offers free WiFi access throughout the property. ",8.5,https://www.booking.com/hotel/fr/ha-tel-les-arcades.en-gb.html?label=gen173nr-1FCAEoggI46AdIM1gEaE2IAQGYAQm4AQrIAQXYAQHoAQH4AQuIAgGoAgO4Ao7as58GwAIB0gIkYjhmZjY4NmEtZDg2Ny00Y2Q2LWIzY2UtNzVhNDYwM2MwMjBj2AIG4AIB&sid=b764fed640d524b81967b116ed27a5b1&aid=304142&ucfs=1&arphpl=1&group_adults=2&req_adults=2&no_rooms=1&group_children=0&req_children=0&hpos=23&hapos=23&sr_order=popularity&srpvid=7ed96698e6d20014&srepoch=1676471730&from_beach_sr=1&from=searchresults#hotelTmpl,43.4526278,4.43076655,12,43.4522771,4.4287172,11.95
32,Hotel Mas des Lys,Saintes Maries de la mer,"Hotel Mas des Lys is situated in Saintes-Maries-de-la-Mer in the Camargues region, a 30-minute drive from Arles. It offers an outdoor pool and air-conditioned guest rooms with a private terrace. ",8.5,https://www.booking.com/hotel/fr/mas-des-lys-les-saintes-maries-de-la-mer.en-gb.html?label=gen173nr-1FCAEoggI46AdIM1gEaE2IAQGYAQm4AQrIAQXYAQHoAQH4AQuIAgGoAgO4Ao7as58GwAIB0gIkYjhmZjY4NmEtZDg2Ny00Y2Q2LWIzY2UtNzVhNDYwM2MwMjBj2AIG4AIB&sid=b764fed640d524b81967b116ed27a5b1&aid=304142&ucfs=1&arphpl=1&group_adults=2&req_adults=2&no_rooms=1&group_children=0&req_children=0&hpos=19&hapos=19&sr_order=popularity&srpvid=7ed96698e6d20014&srepoch=1676471730&from_beach_sr=1&from=searchresults#hotelTmpl,43.47418844,4.41020608,13,43.4522771,4.4287172,11.95
33,Le Dauphin Bleu,Saintes Maries de la mer,"Located 50 metres from the beach, Le Dauphin Bleu faces the Mediterranean Sea and is 400 metres from the centre of Saintes-Maries-de-la-Mer's historic old town. ",8.4,https://www.booking.com/hotel/fr/le-dauphin-bleu.en-gb.html?label=gen173nr-1FCAEoggI46AdIM1gEaE2IAQGYAQm4AQrIAQXYAQHoAQH4AQuIAgGoAgO4Ao7as58GwAIB0gIkYjhmZjY4NmEtZDg2Ny00Y2Q2LWIzY2UtNzVhNDYwM2MwMjBj2AIG4AIB&sid=b764fed640d524b81967b116ed27a5b1&aid=304142&ucfs=1&arphpl=1&group_adults=2&req_adults=2&no_rooms=1&group_children=0&req_children=0&hpos=9&hapos=9&sr_order=popularity&srpvid=7ed96698e6d20014&srepoch=1676471730&from_beach_sr=1&from=searchresults#hotelTmpl,43.452330860000004,4.43364993,14,43.4522771,4.4287172,11.95
34,Hôtel Restaurant Les Arnelles,Saintes Maries de la mer,"Located in the heart of the Camargue Natural Regional Park, Les Arnelles features an outdoor swimming pool, a garden and a terrace in Les Saintes-Marie-de-la-Mer. ",8.4,https://www.booking.com/hotel/fr/les-arnelles.en-gb.html?label=gen173nr-1FCAEoggI46AdIM1gEaE2IAQGYAQm4AQrIAQXYAQHoAQH4AQuIAgGoAgO4Ao7as58GwAIB0gIkYjhmZjY4NmEtZDg2Ny00Y2Q2LWIzY2UtNzVhNDYwM2MwMjBj2AIG4AIB&sid=b764fed640d524b81967b116ed27a5b1&aid=304142&ucfs=1&arphpl=1&group_adults=2&req_adults=2&no_rooms=1&group_children=0&req_children=0&hpos=12&hapos=12&sr_order=popularity&srpvid=7ed96698e6d20014&srepoch=1676471730&from_beach_sr=1&from_sustainable_property_sr=1&from=searchresults#hotelTmpl,43.46095608,4.42231894,15,43.4522771,4.4287172,11.95
35,Mas De Calabrun,Saintes Maries de la mer,"Featuring an outdoor pool, boules pitch and table tennis table, Mas de Calabrun is a hotel located on a private estate in Saintes-Maries-de-la-Mer in the Camargue Regional Park. ",8.4,https://www.booking.com/hotel/fr/mas-de-calabrun.en-gb.html?label=gen173nr-1FCAEoggI46AdIM1gEaE2IAQGYAQm4AQrIAQXYAQHoAQH4AQuIAgGoAgO4Ao7as58GwAIB0gIkYjhmZjY4NmEtZDg2Ny00Y2Q2LWIzY2UtNzVhNDYwM2MwMjBj2AIG4AIB&sid=b764fed640d524b81967b116ed27a5b1&aid=304142&ucfs=1&arphpl=1&group_adults=2&req_adults=2&no_rooms=1&group_children=0&req_children=0&hpos=1&hapos=1&sr_order=popularity&srpvid=7ed96698e6d20014&srepoch=1676471730&from_beach_sr=1&from=searchresults#hotelTmpl,43.5022583,4.42575753,16,43.4522771,4.4287172,11.95
36,Hotel Lou Marquès,Saintes Maries de la mer,"Lou Marquès is located in Les Saintes Maries De La Mer, in Camargue Regional Nature Park.  It offers free WiFi and a sunny terrace and it is just 400 metres from the beaches. ",8.4,https://www.booking.com/hotel/fr/lou-marques.en-gb.html?label=gen173nr-1FCAEoggI46AdIM1gEaE2IAQGYAQm4AQrIAQXYAQHoAQH4AQuIAgGoAgO4Ao7as58GwAIB0gIkYjhmZjY4NmEtZDg2Ny00Y2Q2LWIzY2UtNzVhNDYwM2MwMjBj2AIG4AIB&sid=b764fed640d524b81967b116ed27a5b1&aid=304142&ucfs=1&arphpl=1&group_adults=2&req_adults=2&no_rooms=1&group_children=0&req_children=0&hpos=15&hapos=15&sr_order=popularity&srpvid=7ed96698e6d20014&srepoch=1676471730&from_beach_sr=1&from_sustainable_property_sr=1&from=searchresults#hotelTmpl,43.45512494,4.42874014,17,43.4522771,4.4287172,11.95
37,Auberge de la Fadaise,Saintes Maries de la mer,"Auberge de la Fadaise is located in Saintes-Maries-de-la-Mer in the heart of the Camargue region, a 5-minute drive from the beach. ",8.3,https://www.booking.com/hotel/fr/auberge-de-la-fadaise.en-gb.html?label=gen173nr-1FCAEoggI46AdIM1gEaE2IAQGYAQm4AQrIAQXYAQHoAQH4AQuIAgGoAgO4Ao7as58GwAIB0gIkYjhmZjY4NmEtZDg2Ny00Y2Q2LWIzY2UtNzVhNDYwM2MwMjBj2AIG4AIB&sid=b764fed640d524b81967b116ed27a5b1&aid=304142&ucfs=1&arphpl=1&group_adults=2&req_adults=2&no_rooms=1&group_children=0&req_children=0&hpos=28&hapos=28&sr_order=popularity&srpvid=7ed96698e6d20014&srepoch=1676471730&from_beach_sr=1&from=searchresults#hotelTmpl,43.48647018,4.40415502,18,43.4522771,4.4287172,11.95
38,Hôtel Mas de la Grenouillère,Saintes Maries de la mer,This hotel and horse riding centre is set in a Provencal farm house in Saintes-Maries-de-la-Mer in the Camargue Regional Nature Park. It has a garden and an outdoor pool lined with a sun terrace. ,8.3,https://www.booking.com/hotel/fr/ha-tel-mas-de-la-grenouilla-re.en-gb.html?label=gen173nr-1FCAEoggI46AdIM1gEaE2IAQGYAQm4AQrIAQXYAQHoAQH4AQuIAgGoAgO4Ao7as58GwAIB0gIkYjhmZjY4NmEtZDg2Ny00Y2Q2LWIzY2UtNzVhNDYwM2MwMjBj2AIG4AIB&sid=b764fed640d524b81967b116ed27a5b1&aid=304142&ucfs=1&arphpl=1&group_adults=2&req_adults=2&no_rooms=1&group_children=0&req_children=0&hpos=25&hapos=25&sr_order=popularity&srpvid=7ed96698e6d20014&srepoch=1676471730&from_beach_sr=1&from_sustainable_property_sr=1&from=searchresults#hotelTmpl,43.47145266,4.40182686,19,43.4522771,4.4287172,11.95
39,Manade Cavallini - Mas de Pioch,Saintes Maries de la mer,"Set in Les Saintes-Maries-de-la-Mer, Manade Cavallini - Mas de Pioch is a typical Camargue style country house sitting in a 250-hectare park with 200 Camargue bulls. It offers rooms and an apartment. ",8.2,https://www.booking.com/hotel/fr/mas-de-pioch.en-gb.html?label=gen173nr-1FCAEoggI46AdIM1gEaE2IAQGYAQm4AQrIAQXYAQHoAQH4AQuIAgGoAgO4Ao7as58GwAIB0gIkYjhmZjY4NmEtZDg2Ny00Y2Q2LWIzY2UtNzVhNDYwM2MwMjBj2AIG4AIB&sid=b764fed640d524b81967b116ed27a5b1&aid=304142&ucfs=1&arphpl=1&group_adults=2&req_adults=2&no_rooms=1&group_children=0&req_children=0&hpos=7&hapos=7&sr_order=popularity&srpvid=7ed96698e6d20014&srepoch=1676471730&from_beach_sr=1&from=searchresults#hotelTmpl,43.52955573,4.40055013,20,43.4522771,4.4287172,11.95
40,SUD PASSION - Sakakini - calme - 3 chambres - lumineux - fibre,Marseille,Managed by a private host,10.0,https://www.booking.com/hotel/fr/sud-passion-sakakini-calme-3-chambres-lumineux-fibre.en-gb.html?label=gen173nr-1FCAEoggI46AdIM1gEaE2IAQGYAQm4AQrIAQXYAQHoAQH4AQuIAgGoAgO4Ao7as58GwAIB0gIkYjhmZjY4NmEtZDg2Ny00Y2Q2LWIzY2UtNzVhNDYwM2MwMjBj2AIG4AIB&sid=b764fed640d524b81967b116ed27a5b1&aid=304142&ucfs=1&arphpl=1&group_adults=2&req_adults=2&no_rooms=1&group_children=0&req_children=0&hpos=3&hapos=3&sr_order=popularity&srpvid=ae17669831db0033&srepoch=1676471731&from_sustainable_property_sr=1&from=searchresults#hotelTmpl,43.299162,5.401543,1,43.2961743,5.3699525,11.94
41,"Superbe appart 3 p, 10 mn de la plage avec piscine et parking",Marseille,Managed by a private host,9.1,https://www.booking.com/hotel/fr/superbe-appart-3-p-10-mn-de-la-plage-avec-piscine.en-gb.html?label=gen173nr-1FCAEoggI46AdIM1gEaE2IAQGYAQm4AQrIAQXYAQHoAQH4AQuIAgGoAgO4Ao7as58GwAIB0gIkYjhmZjY4NmEtZDg2Ny00Y2Q2LWIzY2UtNzVhNDYwM2MwMjBj2AIG4AIB&sid=b764fed640d524b81967b116ed27a5b1&aid=304142&ucfs=1&arphpl=1&group_adults=2&req_adults=2&no_rooms=1&group_children=0&req_children=0&hpos=5&hapos=5&sr_order=popularity&srpvid=ae17669831db0033&srepoch=1676471731&from_sustainable_property_sr=1&from=searchresults#hotelTmpl,43.2505303,5.3814817,2,43.2961743,5.3699525,11.94
42,Vieux Port République Cannebiére,Marseille,Managed by a private host,8.8,https://www.booking.com/hotel/fr/vieux-port-47-les-augustins.en-gb.html?label=gen173nr-1FCAEoggI46AdIM1gEaE2IAQGYAQm4AQrIAQXYAQHoAQH4AQuIAgGoAgO4Ao7as58GwAIB0gIkYjhmZjY4NmEtZDg2Ny00Y2Q2LWIzY2UtNzVhNDYwM2MwMjBj2AIG4AIB&sid=b764fed640d524b81967b116ed27a5b1&aid=304142&ucfs=1&arphpl=1&group_adults=2&req_adults=2&no_rooms=1&group_children=0&req_children=0&hpos=13&hapos=13&sr_order=popularity&srpvid=ae17669831db0033&srepoch=1676471731&from_sustainable_property_sr=1&from=searchresults#hotelTmpl,43.29594971,5.37455259,3,43.2961743,5.3699525,11.94
43,MASSILIA BLUE - Grand appartement refait à neuf avec vue sur le Vieux Port,Marseille,"Offering free WiFi, MASSILIA BLUE - Grand appartement refait à neuf avec vue sur le Vieux Port is set in the centre of Marseille within 2.3 km of Plage des Catalans and 400 metres from Museum of...",8.7,https://www.booking.com/hotel/fr/massilia-blue-grand-appartement-refait-a-neuf-avec-vue-sur-le-vieux-port.en-gb.html?label=gen173nr-1FCAEoggI46AdIM1gEaE2IAQGYAQm4AQrIAQXYAQHoAQH4AQuIAgGoAgO4Ao7as58GwAIB0gIkYjhmZjY4NmEtZDg2Ny00Y2Q2LWIzY2UtNzVhNDYwM2MwMjBj2AIG4AIB&sid=b764fed640d524b81967b116ed27a5b1&aid=304142&ucfs=1&arphpl=1&group_adults=2&req_adults=2&no_rooms=1&group_children=0&req_children=0&hpos=7&hapos=7&sr_order=popularity&srpvid=ae17669831db0033&srepoch=1676471731&from=searchresults#hotelTmpl,43.2954015,5.3634509999999995,4,43.2961743,5.3699525,11.94
44,Cocon au Soleil 1827,Marseille,Managed by a private host,8.7,https://www.booking.com/hotel/fr/superbe-cocon-au-soleil-de-marseille.en-gb.html?label=gen173nr-1FCAEoggI46AdIM1gEaE2IAQGYAQm4AQrIAQXYAQHoAQH4AQuIAgGoAgO4Ao7as58GwAIB0gIkYjhmZjY4NmEtZDg2Ny00Y2Q2LWIzY2UtNzVhNDYwM2MwMjBj2AIG4AIB&sid=b764fed640d524b81967b116ed27a5b1&aid=304142&ucfs=1&arphpl=1&group_adults=2&req_adults=2&no_rooms=1&group_children=0&req_children=0&hpos=9&hapos=9&sr_order=popularity&srpvid=ae17669831db0033&srepoch=1676471731&from=searchresults#hotelTmpl,43.29654954,5.39145293,5,43.2961743,5.3699525,11.94
45,Les marches de St Charles - 100M2,Marseille,Managed by a private host,8.6,https://www.booking.com/hotel/fr/l-39-escalier-de-saint-charles.en-gb.html?label=gen173nr-1FCAEoggI46AdIM1gEaE2IAQGYAQm4AQrIAQXYAQHoAQH4AQuIAgGoAgO4Ao7as58GwAIB0gIkYjhmZjY4NmEtZDg2Ny00Y2Q2LWIzY2UtNzVhNDYwM2MwMjBj2AIG4AIB&sid=b764fed640d524b81967b116ed27a5b1&aid=304142&ucfs=1&arphpl=1&group_adults=2&req_adults=2&no_rooms=1&group_children=0&req_children=0&hpos=26&hapos=26&sr_order=popularity&srpvid=ae17669831db0033&srepoch=1676471731&from=searchresults#hotelTmpl,43.30126315,5.3795836,6,43.2961743,5.3699525,11.94
46,Maisons du Monde Hôtel & Suites - Marseille Vieux Port,Marseille,"Overlooking the Old Port, Maisons du Monde Hôtel & Suites - Marseille Vieux Port is located in the heart of Marseille. It offers modern air-conditioned rooms and free WiFi. ",8.5,https://www.booking.com/hotel/fr/maisondumondehotelandsuitesmarseille.en-gb.html?label=gen173nr-1FCAEoggI46AdIM1gEaE2IAQGYAQm4AQrIAQXYAQHoAQH4AQuIAgGoAgO4Ao7as58GwAIB0gIkYjhmZjY4NmEtZDg2Ny00Y2Q2LWIzY2UtNzVhNDYwM2MwMjBj2AIG4AIB&sid=b764fed640d524b81967b116ed27a5b1&aid=304142&ucfs=1&arphpl=1&group_adults=2&req_adults=2&no_rooms=1&group_children=0&req_children=0&hpos=1&hapos=1&sr_order=popularity&srpvid=ae17669831db0033&srepoch=1676471731&from_sustainable_property_sr=1&from=searchresults#hotelTmpl,43.29412372,5.37463993,7,43.2961743,5.3699525,11.94
47,La Lodge,Marseille,"Well set in the centre of Marseille, La Lodge offers a terrace. Guests staying at this apartment have access to free WiFi and a balcony. ",8.5,https://www.booking.com/hotel/fr/sunny-vieux-port-3bed-apartment-with-sea-view.en-gb.html?label=gen173nr-1FCAEoggI46AdIM1gEaE2IAQGYAQm4AQrIAQXYAQHoAQH4AQuIAgGoAgO4Ao7as58GwAIB0gIkYjhmZjY4NmEtZDg2Ny00Y2Q2LWIzY2UtNzVhNDYwM2MwMjBj2AIG4AIB&sid=b764fed640d524b81967b116ed27a5b1&aid=304142&ucfs=1&arphpl=1&group_adults=2&req_adults=2&no_rooms=1&group_children=0&req_children=0&hpos=17&hapos=17&sr_order=popularity&srpvid=ae17669831db0033&srepoch=1676471731&from=searchresults#hotelTmpl,43.2964649,5.3671383,8,43.2961743,5.3699525,11.94
48,Hôtel Life Marseille VP - Vieux Port,Marseille,Hôtel Life Marseille VP - Vieux Port is set in an 18th-century stone building opposite the Vieux Port in Marseille's city centre. ,8.3,https://www.booking.com/hotel/fr/alize.en-gb.html?label=gen173nr-1FCAEoggI46AdIM1gEaE2IAQGYAQm4AQrIAQXYAQHoAQH4AQuIAgGoAgO4Ao7as58GwAIB0gIkYjhmZjY4NmEtZDg2Ny00Y2Q2LWIzY2UtNzVhNDYwM2MwMjBj2AIG4AIB&sid=b764fed640d524b81967b116ed27a5b1&aid=304142&ucfs=1&arphpl=1&group_adults=2&req_adults=2&no_rooms=1&group_children=0&req_children=0&hpos=29&hapos=29&sr_order=popularity&srpvid=ae17669831db0033&srepoch=1676471731&from_sustainable_property_sr=1&from=searchresults#hotelTmpl,43.29443608,5.37478209,9,43.2961743,5.3699525,11.94
49,Marseillement votre,Marseille,Managed by a private host,8.3,https://www.booking.com/hotel/fr/votre-adresse-de-charme-hypercentre-marseille.en-gb.html?label=gen173nr-1FCAEoggI46AdIM1gEaE2IAQGYAQm4AQrIAQXYAQHoAQH4AQuIAgGoAgO4Ao7as58GwAIB0gIkYjhmZjY4NmEtZDg2Ny00Y2Q2LWIzY2UtNzVhNDYwM2MwMjBj2AIG4AIB&sid=b764fed640d524b81967b116ed27a5b1&aid=304142&ucfs=1&arphpl=1&group_adults=2&req_adults=2&no_rooms=1&group_children=0&req_children=0&hpos=6&hapos=6&sr_order=popularity&srpvid=ae17669831db0033&srepoch=1676471731&from_sustainable_property_sr=1&from=searchresults#hotelTmpl,43.30020105,5.38260245,10,43.2961743,5.3699525,11.94
50,Superb flat with balcony in the centre of Marseille - Welkeys,Marseille,"In a central area of Marseille, set within a short distance of Plage des Catalans and Saint-Ferreol Street, Superb flat with balcony in the centre of Marseille - Welkeys offers free WiFi, air...",8.0,https://www.booking.com/hotel/fr/superb-flat-with-balcony-in-the-centre-of-marseille-welkeys.en-gb.html?label=gen173nr-1FCAEoggI46AdIM1gEaE2IAQGYAQm4AQrIAQXYAQHoAQH4AQuIAgGoAgO4Ao7as58GwAIB0gIkYjhmZjY4NmEtZDg2Ny00Y2Q2LWIzY2UtNzVhNDYwM2MwMjBj2AIG4AIB&sid=b764fed640d524b81967b116ed27a5b1&aid=304142&ucfs=1&arphpl=1&group_adults=2&req_adults=2&no_rooms=1&group_children=0&req_children=0&hpos=23&hapos=23&sr_order=popularity&srpvid=ae17669831db0033&srepoch=1676471731&from=searchresults#hotelTmpl,43.2930579,5.3747725,11,43.2961743,5.3699525,11.94
51,Magnifique T5 (12pers) 129m²-Climatisé-Vieux-Port,Marseille,Managed by a private host,7.9,https://www.booking.com/hotel/fr/magnifique-t5-12pers-129m2-climatise-vieux-port.en-gb.html?label=gen173nr-1FCAEoggI46AdIM1gEaE2IAQGYAQm4AQrIAQXYAQHoAQH4AQuIAgGoAgO4Ao7as58GwAIB0gIkYjhmZjY4NmEtZDg2Ny00Y2Q2LWIzY2UtNzVhNDYwM2MwMjBj2AIG4AIB&sid=b764fed640d524b81967b116ed27a5b1&aid=304142&ucfs=1&arphpl=1&group_adults=2&req_adults=2&no_rooms=1&group_children=0&req_children=0&hpos=19&hapos=19&sr_order=popularity&srpvid=ae17669831db0033&srepoch=1676471731&from=searchresults#hotelTmpl,43.2992713,5.3780468,12,43.2961743,5.3699525,11.94
52,Hôtel Hermès,Marseille,"Hôtel Hermès is just 35 metres from the Vieux Port in central Marseilles. It offers a roof-top terrace with panoramic views of the harbour and the city, and free Wi-Fi. ",7.9,https://www.booking.com/hotel/fr/hermes.en-gb.html?label=gen173nr-1FCAEoggI46AdIM1gEaE2IAQGYAQm4AQrIAQXYAQHoAQH4AQuIAgGoAgO4Ao7as58GwAIB0gIkYjhmZjY4NmEtZDg2Ny00Y2Q2LWIzY2UtNzVhNDYwM2MwMjBj2AIG4AIB&sid=b764fed640d524b81967b116ed27a5b1&aid=304142&ucfs=1&arphpl=1&group_adults=2&req_adults=2&no_rooms=1&group_children=0&req_children=0&hpos=21&hapos=21&sr_order=popularity&srpvid=ae17669831db0033&srepoch=1676471731&from=searchresults#hotelTmpl,43.29655283,5.37188329,13,43.2961743,5.3699525,11.94
53,Chez Nous - 7 Appartements sur le Vieux Port,Marseille,"Located in the centre of Marseille, 1.1 km from Plage des Catalans and 2.3 km from Fausse Monnaie, Chez Nous - 7 Appartements sur le Vieux Port provides accommodation with free WiFi. ",7.9,https://www.booking.com/hotel/fr/appartement-vieux-port-marseille12.en-gb.html?label=gen173nr-1FCAEoggI46AdIM1gEaE2IAQGYAQm4AQrIAQXYAQHoAQH4AQuIAgGoAgO4Ao7as58GwAIB0gIkYjhmZjY4NmEtZDg2Ny00Y2Q2LWIzY2UtNzVhNDYwM2MwMjBj2AIG4AIB&sid=b764fed640d524b81967b116ed27a5b1&aid=304142&ucfs=1&arphpl=1&group_adults=2&req_adults=2&no_rooms=1&group_children=0&req_children=0&hpos=28&hapos=28&sr_order=popularity&srpvid=ae17669831db0033&srepoch=1676471731&from=searchresults#hotelTmpl,43.29212822,5.3664093,14,43.2961743,5.3699525,11.94
54,Hôtel Maison Montgrand - Vieux Port,Marseille,"Boasting a spacious terrace, a boules pitch and a concept store, the Hotel Montgrand House - Old Port with its 49 rooms and 13 apartments is located in the centre of Marseille, just 5 minutes' walk...",7.9,https://www.booking.com/hotel/fr/montgrand.en-gb.html?label=gen173nr-1FCAEoggI46AdIM1gEaE2IAQGYAQm4AQrIAQXYAQHoAQH4AQuIAgGoAgO4Ao7as58GwAIB0gIkYjhmZjY4NmEtZDg2Ny00Y2Q2LWIzY2UtNzVhNDYwM2MwMjBj2AIG4AIB&sid=b764fed640d524b81967b116ed27a5b1&aid=304142&ucfs=1&arphpl=1&group_adults=2&req_adults=2&no_rooms=1&group_children=0&req_children=0&hpos=2&hapos=2&sr_order=popularity&srpvid=ae17669831db0033&srepoch=1676471731&from_sustainable_property_sr=1&from=searchresults#hotelTmpl,43.2909627,5.3764292,15,43.2961743,5.3699525,11.94
55,LE PANIER ENCHANTÉ - Suites & Loft - Terrasse et patio au dessus du Vieux Port,Marseille,"Set in the centre of Marseille, 2.8 km from Plage des Catalans and 700 metres from Joliette Metro Station, LE PANIER ENCHANTÉ - Suites & Loft - Terrasse et patio au dessus du Vieux Port offers...",7.8,https://www.booking.com/hotel/fr/le-panier-enchante-suites-amp-spa.en-gb.html?label=gen173nr-1FCAEoggI46AdIM1gEaE2IAQGYAQm4AQrIAQXYAQHoAQH4AQuIAgGoAgO4Ao7as58GwAIB0gIkYjhmZjY4NmEtZDg2Ny00Y2Q2LWIzY2UtNzVhNDYwM2MwMjBj2AIG4AIB&sid=b764fed640d524b81967b116ed27a5b1&aid=304142&ucfs=1&arphpl=1&group_adults=2&req_adults=2&no_rooms=1&group_children=0&req_children=0&hpos=4&hapos=4&sr_order=popularity&srpvid=ae17669831db0033&srepoch=1676471731&from_sustainable_property_sr=1&from=searchresults#hotelTmpl,43.300097,5.367585,16,43.2961743,5.3699525,11.94
56,"Holiday Inn Express Marseille Saint Charles, an IHG Hotel",Marseille,Holiday Inn Express Marseille Saint Charles is opposite the train station and a 10-minute walk from the Vieux Port in Marseille’s city centre. It offers en suite rooms and free Wi-Fi. ,7.8,https://www.booking.com/hotel/fr/holiday-inn-express-marseille-saint-charles.en-gb.html?label=gen173nr-1FCAEoggI46AdIM1gEaE2IAQGYAQm4AQrIAQXYAQHoAQH4AQuIAgGoAgO4Ao7as58GwAIB0gIkYjhmZjY4NmEtZDg2Ny00Y2Q2LWIzY2UtNzVhNDYwM2MwMjBj2AIG4AIB&sid=b764fed640d524b81967b116ed27a5b1&aid=304142&ucfs=1&arphpl=1&group_adults=2&req_adults=2&no_rooms=1&group_children=0&req_children=0&hpos=8&hapos=8&sr_order=popularity&srpvid=ae17669831db0033&srepoch=1676471731&from=searchresults#hotelTmpl,43.30272424,5.37933044,17,43.2961743,5.3699525,11.94
57,Toyoko INN Marseille Saint Charles,Marseille,"Set in Marseille, just a 5-minute walk from Marseille Saint Charles Train Station, Toyoko INN Marseille Saint Charles features a garden and free WiFi. The hotel is easily accessible from A7 highway. ",7.8,https://www.booking.com/hotel/fr/toyoko-inn-marseille-saint-charles.en-gb.html?label=gen173nr-1FCAEoggI46AdIM1gEaE2IAQGYAQm4AQrIAQXYAQHoAQH4AQuIAgGoAgO4Ao7as58GwAIB0gIkYjhmZjY4NmEtZDg2Ny00Y2Q2LWIzY2UtNzVhNDYwM2MwMjBj2AIG4AIB&sid=b764fed640d524b81967b116ed27a5b1&aid=304142&ucfs=1&arphpl=1&group_adults=2&req_adults=2&no_rooms=1&group_children=0&req_children=0&hpos=11&hapos=11&sr_order=popularity&srpvid=ae17669831db0033&srepoch=1676471731&from=searchresults#hotelTmpl,43.304229,5.376624,18,43.2961743,5.3699525,11.94
58,Residhome Marseille Saint-Charles,Marseille,"Located in Marseille, Residhome Marseille Saint-Charles is a residence just a 5-minute walk from Saint-Charles Train Station, a 12-minute walk from the Old Port and 5 metro stops away from the Palais...",7.8,https://www.booking.com/hotel/fr/residhome-marseille-saint-charles.en-gb.html?label=gen173nr-1FCAEoggI46AdIM1gEaE2IAQGYAQm4AQrIAQXYAQHoAQH4AQuIAgGoAgO4Ao7as58GwAIB0gIkYjhmZjY4NmEtZDg2Ny00Y2Q2LWIzY2UtNzVhNDYwM2MwMjBj2AIG4AIB&sid=b764fed640d524b81967b116ed27a5b1&aid=304142&ucfs=1&arphpl=1&group_adults=2&req_adults=2&no_rooms=1&group_children=0&req_children=0&hpos=30&hapos=30&sr_order=popularity&srpvid=ae17669831db0033&srepoch=1676471731&from=searchresults#hotelTmpl,43.30230886,5.37691176,19,43.2961743,5.3699525,11.94
59,Résidence Meublée Services,Marseille,"Résidence Meublée Services is located in the centre of Marseille, just a 15-minute walk from the Old Port. Guests can visit the Notre Dame de la Garde Basilica 1.5 km away. ",7.7,https://www.booking.com/hotel/fr/ra-c-sidence-meubla-c-e-services.en-gb.html?label=gen173nr-1FCAEoggI46AdIM1gEaE2IAQGYAQm4AQrIAQXYAQHoAQH4AQuIAgGoAgO4Ao7as58GwAIB0gIkYjhmZjY4NmEtZDg2Ny00Y2Q2LWIzY2UtNzVhNDYwM2MwMjBj2AIG4AIB&sid=b764fed640d524b81967b116ed27a5b1&aid=304142&ucfs=1&arphpl=1&group_adults=2&req_adults=2&no_rooms=1&group_children=0&req_children=0&hpos=27&hapos=27&sr_order=popularity&srpvid=ae17669831db0033&srepoch=1676471731&from_sustainable_property_sr=1&from=searchresults#hotelTmpl,43.28989896,5.38216755,20,43.2961743,5.3699525,11.94
60,Maison T4 Horizon _ Vue mer _ Piscine _ Parking,Collioure,Managed by a private host,10.0,https://www.booking.com/hotel/fr/maison-t4-horizon-vue-mer-piscine-parking.en-gb.html?label=gen173nr-1FCAEoggI46AdIM1gEaE2IAQGYAQm4AQrIAQXYAQHoAQH4AQuIAgGoAgO4Ao7as58GwAIB0gIkYjhmZjY4NmEtZDg2Ny00Y2Q2LWIzY2UtNzVhNDYwM2MwMjBj2AIG4AIB&sid=b764fed640d524b81967b116ed27a5b1&aid=304142&ucfs=1&arphpl=1&group_adults=2&req_adults=2&no_rooms=1&group_children=0&req_children=0&hpos=25&hapos=25&sr_order=popularity&srpvid=b896669842e2015a&srepoch=1676471729&from_beach_sr=1&from=searchresults#hotelTmpl,42.5227263,3.0926507,1,42.52505,3.0831554,12.92
61,RUE DU SOLEIL 6SOL16,Collioure,"RUE DU SOLEIL 6SOL16 is set in Collioure, 200 metres from Boutigue Beach, 300 metres from Port Avall Beach, and 500 metres from Balette Beach. ",9.5,https://www.booking.com/hotel/fr/rue-du-soleil-6sol16.en-gb.html?label=gen173nr-1FCAEoggI46AdIM1gEaE2IAQGYAQm4AQrIAQXYAQHoAQH4AQuIAgGoAgO4Ao7as58GwAIB0gIkYjhmZjY4NmEtZDg2Ny00Y2Q2LWIzY2UtNzVhNDYwM2MwMjBj2AIG4AIB&sid=b764fed640d524b81967b116ed27a5b1&aid=304142&ucfs=1&arphpl=1&group_adults=2&req_adults=2&no_rooms=1&group_children=0&req_children=0&hpos=15&hapos=15&sr_order=popularity&srpvid=b896669842e2015a&srepoch=1676471729&from_beach_sr=1&from=searchresults#hotelTmpl,42.5231685,3.0848662,2,42.52505,3.0831554,12.92
62,Les Suites de Collioure,Collioure,"Located in Collioure, 200 metres from Port Avall Beach and 400 metres from Boramar Beach, Les Suites de Collioure provides city views and free WiFi. ",9.4,https://www.booking.com/hotel/fr/les-suites-de-collioure.en-gb.html?label=gen173nr-1FCAEoggI46AdIM1gEaE2IAQGYAQm4AQrIAQXYAQHoAQH4AQuIAgGoAgO4Ao7as58GwAIB0gIkYjhmZjY4NmEtZDg2Ny00Y2Q2LWIzY2UtNzVhNDYwM2MwMjBj2AIG4AIB&sid=b764fed640d524b81967b116ed27a5b1&aid=304142&ucfs=1&arphpl=1&group_adults=2&req_adults=2&no_rooms=1&group_children=0&req_children=0&hpos=13&hapos=13&sr_order=popularity&srpvid=b896669842e2015a&srepoch=1676471729&from_beach_sr=1&from_sustainable_property_sr=1&from=searchresults#hotelTmpl,42.52439,3.082726,3,42.52505,3.0831554,12.92
63,Appartement Sous le Soleil,Collioure,Managed by a private host,9.3,https://www.booking.com/hotel/fr/appartement-sous-le-soleil.en-gb.html?label=gen173nr-1FCAEoggI46AdIM1gEaE2IAQGYAQm4AQrIAQXYAQHoAQH4AQuIAgGoAgO4Ao7as58GwAIB0gIkYjhmZjY4NmEtZDg2Ny00Y2Q2LWIzY2UtNzVhNDYwM2MwMjBj2AIG4AIB&sid=b764fed640d524b81967b116ed27a5b1&aid=304142&ucfs=1&arphpl=1&group_adults=2&req_adults=2&no_rooms=1&group_children=0&req_children=0&hpos=11&hapos=11&sr_order=popularity&srpvid=b896669842e2015a&srepoch=1676471729&from_beach_sr=1&from_sustainable_property_sr=1&from=searchresults#hotelTmpl,42.5271222,3.0765161,4,42.52505,3.0831554,12.92
64,Les hauteurs de Collioure,Collioure,Managed by a private host,9.3,https://www.booking.com/hotel/fr/les-hauteurs-de-collioure.en-gb.html?label=gen173nr-1FCAEoggI46AdIM1gEaE2IAQGYAQm4AQrIAQXYAQHoAQH4AQuIAgGoAgO4Ao7as58GwAIB0gIkYjhmZjY4NmEtZDg2Ny00Y2Q2LWIzY2UtNzVhNDYwM2MwMjBj2AIG4AIB&sid=b764fed640d524b81967b116ed27a5b1&aid=304142&ucfs=1&arphpl=1&group_adults=2&req_adults=2&no_rooms=1&group_children=0&req_children=0&hpos=22&hapos=22&sr_order=popularity&srpvid=b896669842e2015a&srepoch=1676471729&from_beach_sr=1&from=searchresults#hotelTmpl,42.524571,3.068683,5,42.52505,3.0831554,12.92
65,La Casa Machado 2,Collioure,Managed by a private host,9.3,https://www.booking.com/hotel/fr/la-casa-machado-2.en-gb.html?label=gen173nr-1FCAEoggI46AdIM1gEaE2IAQGYAQm4AQrIAQXYAQHoAQH4AQuIAgGoAgO4Ao7as58GwAIB0gIkYjhmZjY4NmEtZDg2Ny00Y2Q2LWIzY2UtNzVhNDYwM2MwMjBj2AIG4AIB&sid=b764fed640d524b81967b116ed27a5b1&aid=304142&ucfs=1&arphpl=1&group_adults=2&req_adults=2&no_rooms=1&group_children=0&req_children=0&hpos=28&hapos=28&sr_order=popularity&srpvid=b896669842e2015a&srepoch=1676471729&from_beach_sr=1&from=searchresults#hotelTmpl,42.52615566,3.08223283,6,42.52505,3.0831554,12.92
66,Les Roches Brunes,Collioure,"Located in Collioure, 70 metres from Balette Beach, Les Roches Brunes provides accommodation with a garden, free private parking, a terrace and a restaurant. ",9.1,https://www.booking.com/hotel/fr/les-roches-brunes-collioure.en-gb.html?label=gen173nr-1FCAEoggI46AdIM1gEaE2IAQGYAQm4AQrIAQXYAQHoAQH4AQuIAgGoAgO4Ao7as58GwAIB0gIkYjhmZjY4NmEtZDg2Ny00Y2Q2LWIzY2UtNzVhNDYwM2MwMjBj2AIG4AIB&sid=b764fed640d524b81967b116ed27a5b1&aid=304142&ucfs=1&arphpl=1&group_adults=2&req_adults=2&no_rooms=1&group_children=0&req_children=0&hpos=2&hapos=2&sr_order=popularity&srpvid=b896669842e2015a&srepoch=1676471729&from_beach_sr=1&from_sustainable_property_sr=1&from=searchresults#hotelTmpl,42.52534777,3.09032446,7,42.52505,3.0831554,12.92
67,Appartement Les Roches Bleues - 5RB14,Collioure,"Featuring sea views, Appartement Les Roches Bleues - 5RB14 offers accommodation with a balcony and a coffee machine, around 200 metres from Reguers Beach. ",9.0,https://www.booking.com/hotel/fr/appartement-les-roches-bleues-collioure.en-gb.html?label=gen173nr-1FCAEoggI46AdIM1gEaE2IAQGYAQm4AQrIAQXYAQHoAQH4AQuIAgGoAgO4Ao7as58GwAIB0gIkYjhmZjY4NmEtZDg2Ny00Y2Q2LWIzY2UtNzVhNDYwM2MwMjBj2AIG4AIB&sid=b764fed640d524b81967b116ed27a5b1&aid=304142&ucfs=1&arphpl=1&group_adults=2&req_adults=2&no_rooms=1&group_children=0&req_children=0&hpos=4&hapos=4&sr_order=popularity&srpvid=b896669842e2015a&srepoch=1676471729&from_beach_sr=1&from=searchresults#hotelTmpl,42.523431,3.0976879999999998,8,42.52505,3.0831554,12.92
68,appart central et son parking privatif gratuit,Collioure,Managed by a private host,8.9,https://www.booking.com/hotel/fr/appart-central-collioure.en-gb.html?label=gen173nr-1FCAEoggI46AdIM1gEaE2IAQGYAQm4AQrIAQXYAQHoAQH4AQuIAgGoAgO4Ao7as58GwAIB0gIkYjhmZjY4NmEtZDg2Ny00Y2Q2LWIzY2UtNzVhNDYwM2MwMjBj2AIG4AIB&sid=b764fed640d524b81967b116ed27a5b1&aid=304142&ucfs=1&arphpl=1&group_adults=2&req_adults=2&no_rooms=1&group_children=0&req_children=0&hpos=30&hapos=30&sr_order=popularity&srpvid=b896669842e2015a&srepoch=1676471729&from_beach_sr=1&from=searchresults#hotelTmpl,42.52488242,3.08187893,9,42.52505,3.0831554,12.92
69,Le Madeloc Hôtel & Spa,Collioure,Just 500 metres from Collioure town centre and a 10-minute walk from the beach is Le Madeloc Hôtel & Spa. ,8.8,https://www.booking.com/hotel/fr/madeloc.en-gb.html?label=gen173nr-1FCAEoggI46AdIM1gEaE2IAQGYAQm4AQrIAQXYAQHoAQH4AQuIAgGoAgO4Ao7as58GwAIB0gIkYjhmZjY4NmEtZDg2Ny00Y2Q2LWIzY2UtNzVhNDYwM2MwMjBj2AIG4AIB&sid=b764fed640d524b81967b116ed27a5b1&aid=304142&ucfs=1&arphpl=1&group_adults=2&req_adults=2&no_rooms=1&group_children=0&req_children=0&hpos=9&hapos=9&sr_order=popularity&srpvid=b896669842e2015a&srepoch=1676471729&from_beach_sr=1&from_sustainable_property_sr=1&from=searchresults#hotelTmpl,42.52876467,3.07865426,10,42.52505,3.0831554,12.92
70,Hôtel La Casa Pairal,Collioure,"Situated 250 metres from Collioure beach and port, Hôtel La Casa Pairal features an exotic floral garden and a heated outdoor swimming pool. ",8.8,https://www.booking.com/hotel/fr/hotelcasapairal.en-gb.html?label=gen173nr-1FCAEoggI46AdIM1gEaE2IAQGYAQm4AQrIAQXYAQHoAQH4AQuIAgGoAgO4Ao7as58GwAIB0gIkYjhmZjY4NmEtZDg2Ny00Y2Q2LWIzY2UtNzVhNDYwM2MwMjBj2AIG4AIB&sid=b764fed640d524b81967b116ed27a5b1&aid=304142&ucfs=1&arphpl=1&group_adults=2&req_adults=2&no_rooms=1&group_children=0&req_children=0&hpos=3&hapos=3&sr_order=popularity&srpvid=b896669842e2015a&srepoch=1676471729&from_beach_sr=1&from_sustainable_property_sr=1&from=searchresults#hotelTmpl,42.52616733,3.08235571,11,42.52505,3.0831554,12.92
71,Hôtel la Bona Casa,Collioure,"Hotel Bona Casa is located in the historic centre of Collioure, just 300 metres from the beach and from the Château Royal. The hotel proposes free Wi-Fi internet access and a shaded terrace. ",8.5,https://www.booking.com/hotel/fr/la-bona-casa.en-gb.html?label=gen173nr-1FCAEoggI46AdIM1gEaE2IAQGYAQm4AQrIAQXYAQHoAQH4AQuIAgGoAgO4Ao7as58GwAIB0gIkYjhmZjY4NmEtZDg2Ny00Y2Q2LWIzY2UtNzVhNDYwM2MwMjBj2AIG4AIB&sid=b764fed640d524b81967b116ed27a5b1&aid=304142&ucfs=1&arphpl=1&group_adults=2&req_adults=2&no_rooms=1&group_children=0&req_children=0&hpos=24&hapos=24&sr_order=popularity&srpvid=b896669842e2015a&srepoch=1676471729&from_beach_sr=1&from=searchresults#hotelTmpl,42.52547153,3.0826987,12,42.52505,3.0831554,12.92
72,La Frégate,Collioure,"La Frégate features a shared lounge, terrace, a restaurant and bar in Collioure. ",8.3,https://www.booking.com/hotel/fr/la-fra-c-gate-collioure.en-gb.html?label=gen173nr-1FCAEoggI46AdIM1gEaE2IAQGYAQm4AQrIAQXYAQHoAQH4AQuIAgGoAgO4Ao7as58GwAIB0gIkYjhmZjY4NmEtZDg2Ny00Y2Q2LWIzY2UtNzVhNDYwM2MwMjBj2AIG4AIB&sid=b764fed640d524b81967b116ed27a5b1&aid=304142&ucfs=1&arphpl=1&group_adults=2&req_adults=2&no_rooms=1&group_children=0&req_children=0&hpos=12&hapos=12&sr_order=popularity&srpvid=b896669842e2015a&srepoch=1676471729&from_beach_sr=1&from=searchresults#hotelTmpl,42.52638625,3.08325659,13,42.52505,3.0831554,12.92
73,Résidence les Impériales 6IMP40,Collioure,"Résidence les Impériales 6IMP40 is set in Collioure, 700 metres from Balette Beach and less than 1 km from Boutigue Beach, in an area where hiking can be enjoyed. ",8.3,https://www.booking.com/hotel/fr/residence-les-imperiales-6imp40.en-gb.html?label=gen173nr-1FCAEoggI46AdIM1gEaE2IAQGYAQm4AQrIAQXYAQHoAQH4AQuIAgGoAgO4Ao7as58GwAIB0gIkYjhmZjY4NmEtZDg2Ny00Y2Q2LWIzY2UtNzVhNDYwM2MwMjBj2AIG4AIB&sid=b764fed640d524b81967b116ed27a5b1&aid=304142&ucfs=1&arphpl=1&group_adults=2&req_adults=2&no_rooms=1&group_children=0&req_children=0&hpos=14&hapos=14&sr_order=popularity&srpvid=b896669842e2015a&srepoch=1676471729&from_beach_sr=1&from=searchresults#hotelTmpl,42.5224225,3.0925124999999998,14,42.52505,3.0831554,12.92
74,Résidence Saint Vincent,Collioure,"Set in Collioure, 80 metres from Boramar Beach and 200 metres from Nord Beach, Résidence Saint Vincent offers city views and free WiFi. ",8.1,https://www.booking.com/hotel/fr/residence-saint-vincent.en-gb.html?label=gen173nr-1FCAEoggI46AdIM1gEaE2IAQGYAQm4AQrIAQXYAQHoAQH4AQuIAgGoAgO4Ao7as58GwAIB0gIkYjhmZjY4NmEtZDg2Ny00Y2Q2LWIzY2UtNzVhNDYwM2MwMjBj2AIG4AIB&sid=b764fed640d524b81967b116ed27a5b1&aid=304142&ucfs=1&arphpl=1&group_adults=2&req_adults=2&no_rooms=1&group_children=0&req_children=0&hpos=1&hapos=1&sr_order=popularity&srpvid=b896669842e2015a&srepoch=1676471729&from_beach_sr=1&from_sustainable_property_sr=1&from=searchresults#hotelTmpl,42.52730095,3.08423268,15,42.52505,3.0831554,12.92
75,Appartement de 2 chambres a Collioure a 400 m de la plage avec vue sur la mer jardin clos et wifi,Collioure,"Situated in Collioure and only 700 metres from Balette Beach, Appartement de 2 chambres a Collioure a 400 m de la plage avec vue sur la mer jardin clos et wifi features accommodation with garden...",8.0,https://www.booking.com/hotel/fr/apartment-route-imperiale.en-gb.html?label=gen173nr-1FCAEoggI46AdIM1gEaE2IAQGYAQm4AQrIAQXYAQHoAQH4AQuIAgGoAgO4Ao7as58GwAIB0gIkYjhmZjY4NmEtZDg2Ny00Y2Q2LWIzY2UtNzVhNDYwM2MwMjBj2AIG4AIB&sid=b764fed640d524b81967b116ed27a5b1&aid=304142&ucfs=1&arphpl=1&group_adults=2&req_adults=2&no_rooms=1&group_children=0&req_children=0&hpos=19&hapos=19&sr_order=popularity&srpvid=b896669842e2015a&srepoch=1676471729&from_beach_sr=1&from=searchresults#hotelTmpl,42.52260227,3.09160033,16,42.52505,3.0831554,12.92
76,Le Mas des Citronniers,Collioure,"Located in the centre of Collioure, just 250 metres from the beach, this hotel offers air-conditioned guestrooms in a traditional Catalan building. Free Wi-Fi is available throughout the hotel. ",8.0,https://www.booking.com/hotel/fr/lesmasdescitronniers.en-gb.html?label=gen173nr-1FCAEoggI46AdIM1gEaE2IAQGYAQm4AQrIAQXYAQHoAQH4AQuIAgGoAgO4Ao7as58GwAIB0gIkYjhmZjY4NmEtZDg2Ny00Y2Q2LWIzY2UtNzVhNDYwM2MwMjBj2AIG4AIB&sid=b764fed640d524b81967b116ed27a5b1&aid=304142&ucfs=1&arphpl=1&group_adults=2&req_adults=2&no_rooms=1&group_children=0&req_children=0&hpos=5&hapos=5&sr_order=popularity&srpvid=b896669842e2015a&srepoch=1676471729&from_beach_sr=1&from=searchresults#hotelTmpl,42.52538159,3.08256391,17,42.52505,3.0831554,12.92
77,Hôtel Princes de Catalogne,Collioure,"Situated on a quiet square in picturesque Collioure, this hotel is located a 400 metres from the beach. The hotel was renovated in early 2021 and features a contemporary style. ",7.9,https://www.booking.com/hotel/fr/princes-de-catalogne.en-gb.html?label=gen173nr-1FCAEoggI46AdIM1gEaE2IAQGYAQm4AQrIAQXYAQHoAQH4AQuIAgGoAgO4Ao7as58GwAIB0gIkYjhmZjY4NmEtZDg2Ny00Y2Q2LWIzY2UtNzVhNDYwM2MwMjBj2AIG4AIB&sid=b764fed640d524b81967b116ed27a5b1&aid=304142&ucfs=1&arphpl=1&group_adults=2&req_adults=2&no_rooms=1&group_children=0&req_children=0&hpos=26&hapos=26&sr_order=popularity&srpvid=b896669842e2015a&srepoch=1676471729&from_beach_sr=1&from=searchresults#hotelTmpl,42.52591431,3.0826816,18,42.52505,3.0831554,12.92
78,Résidence du Soleil,Collioure,"Set 400 metres from Collioure Royal Castle in Collioure and 100 metres from the beach, this apartment located in the city center features a terrace and a garden. ",7.8,https://www.booking.com/hotel/fr/residence-du-soleil-collioure.en-gb.html?label=gen173nr-1FCAEoggI46AdIM1gEaE2IAQGYAQm4AQrIAQXYAQHoAQH4AQuIAgGoAgO4Ao7as58GwAIB0gIkYjhmZjY4NmEtZDg2Ny00Y2Q2LWIzY2UtNzVhNDYwM2MwMjBj2AIG4AIB&sid=b764fed640d524b81967b116ed27a5b1&aid=304142&ucfs=1&arphpl=1&group_adults=2&req_adults=2&no_rooms=1&group_children=0&req_children=0&hpos=8&hapos=8&sr_order=popularity&srpvid=b896669842e2015a&srepoch=1676471729&from_beach_sr=1&from_sustainable_property_sr=1&from=searchresults#hotelTmpl,42.52311754,3.0854253,19,42.52505,3.0831554,12.92
79,Hotel Méditerranée,Collioure,"Featuring a Mediterranean garden and a terrace, Hotel Méditerranée offers accommodation in Collioure, a 5-minute walk from the nearest beach. ",7.7,https://www.booking.com/hotel/fr/mediterranee-collioure.en-gb.html?label=gen173nr-1FCAEoggI46AdIM1gEaE2IAQGYAQm4AQrIAQXYAQHoAQH4AQuIAgGoAgO4Ao7as58GwAIB0gIkYjhmZjY4NmEtZDg2Ny00Y2Q2LWIzY2UtNzVhNDYwM2MwMjBj2AIG4AIB&sid=b764fed640d524b81967b116ed27a5b1&aid=304142&ucfs=1&arphpl=1&group_adults=2&req_adults=2&no_rooms=1&group_children=0&req_children=0&hpos=7&hapos=7&sr_order=popularity&srpvid=b896669842e2015a&srepoch=1676471729&from_beach_sr=1&from_sustainable_property_sr=1&from=searchresults#hotelTmpl,42.52708254,3.08026291,20,42.52505,3.0831554,12.92
80,Plage & Calanques Cassis,Cassis,"Plage & Calanques Cassis is located in Cassis, 1.5 km from Grande Mer and 1.9 km from Anse de Corton Beach, in an area where hiking can be enjoyed. ",9.7,https://www.booking.com/hotel/fr/cote-calanques-cassis.en-gb.html?label=gen173nr-1FCAEoggI46AdIM1gEaE2IAQGYAQm4AQrIAQXYAQHoAQH4AQuIAgGoAgO4Ao7as58GwAIB0gIkYjhmZjY4NmEtZDg2Ny00Y2Q2LWIzY2UtNzVhNDYwM2MwMjBj2AIG4AIB&sid=b764fed640d524b81967b116ed27a5b1&aid=304142&ucfs=1&arphpl=1&group_adults=2&req_adults=2&no_rooms=1&group_children=0&req_children=0&hpos=15&hapos=15&sr_order=popularity&srpvid=e9d666d1d7290013&srepoch=1676471845&from_beach_sr=1&from_sustainable_property_sr=1&from=searchresults#hotelTmpl,43.2120018,5.5276305,1,43.2140359,5.5396318,11.67
81,T2 VUE IMPRENABLE SUR CASSIS,Cassis,Managed by a private host,9.5,https://www.booking.com/hotel/fr/t2-vue-imprenable-sur-cassis.en-gb.html?label=gen173nr-1FCAEoggI46AdIM1gEaE2IAQGYAQm4AQrIAQXYAQHoAQH4AQuIAgGoAgO4Ao7as58GwAIB0gIkYjhmZjY4NmEtZDg2Ny00Y2Q2LWIzY2UtNzVhNDYwM2MwMjBj2AIG4AIB&sid=b764fed640d524b81967b116ed27a5b1&aid=304142&ucfs=1&arphpl=1&group_adults=2&req_adults=2&no_rooms=1&group_children=0&req_children=0&hpos=7&hapos=7&sr_order=popularity&srpvid=e9d666d1d7290013&srepoch=1676471845&from_beach_sr=1&from=searchresults#hotelTmpl,43.21462214,5.53477276,2,43.2140359,5.5396318,11.67
82,Chambre d'hôtes Clos du Petit Jésus,Cassis,"Located in Cassis, just a 5-minute walk from the beach, Clos du Petit Jésus offers an outdoor swimming pool, a private terrace and an area for sun bathing. ",9.5,https://www.booking.com/hotel/fr/clos-du-petit-ja-c-sus.en-gb.html?label=gen173nr-1FCAEoggI46AdIM1gEaE2IAQGYAQm4AQrIAQXYAQHoAQH4AQuIAgGoAgO4Ao7as58GwAIB0gIkYjhmZjY4NmEtZDg2Ny00Y2Q2LWIzY2UtNzVhNDYwM2MwMjBj2AIG4AIB&sid=b764fed640d524b81967b116ed27a5b1&aid=304142&ucfs=1&arphpl=1&group_adults=2&req_adults=2&no_rooms=1&group_children=0&req_children=0&hpos=13&hapos=13&sr_order=popularity&srpvid=e9d666d1d7290013&srepoch=1676471845&from_beach_sr=1&from=searchresults#hotelTmpl,43.21524569,5.54466784,3,43.2140359,5.5396318,11.67
83,SunRise Cassis,Cassis,Managed by a private host,9.5,https://www.booking.com/hotel/fr/sunrise-cassis.en-gb.html?label=gen173nr-1FCAEoggI46AdIM1gEaE2IAQGYAQm4AQrIAQXYAQHoAQH4AQuIAgGoAgO4Ao7as58GwAIB0gIkYjhmZjY4NmEtZDg2Ny00Y2Q2LWIzY2UtNzVhNDYwM2MwMjBj2AIG4AIB&sid=b764fed640d524b81967b116ed27a5b1&aid=304142&ucfs=1&arphpl=1&group_adults=2&req_adults=2&no_rooms=1&group_children=0&req_children=0&hpos=21&hapos=21&sr_order=popularity&srpvid=e9d666d1d7290013&srepoch=1676471845&from_beach_sr=1&from=searchresults#hotelTmpl,43.21521908,5.53568187,4,43.2140359,5.5396318,11.67
84,CASSIS 72 m2 Confort et Calme Options Baby bébé,Cassis,Managed by a private host,9.4,https://www.booking.com/hotel/fr/cassis-centre-neuf-72-m2-clim-et-place-privee.en-gb.html?label=gen173nr-1FCAEoggI46AdIM1gEaE2IAQGYAQm4AQrIAQXYAQHoAQH4AQuIAgGoAgO4Ao7as58GwAIB0gIkYjhmZjY4NmEtZDg2Ny00Y2Q2LWIzY2UtNzVhNDYwM2MwMjBj2AIG4AIB&sid=b764fed640d524b81967b116ed27a5b1&aid=304142&ucfs=1&arphpl=1&group_adults=2&req_adults=2&no_rooms=1&group_children=0&req_children=0&hpos=29&hapos=29&sr_order=popularity&srpvid=e9d666d1d7290013&srepoch=1676471845&from_beach_sr=1&from=searchresults#hotelTmpl,43.21462302,5.54361251,5,43.2140359,5.5396318,11.67
85,SunSet Cassis,Cassis,Managed by a private host,9.4,https://www.booking.com/hotel/fr/sunset-cassis.en-gb.html?label=gen173nr-1FCAEoggI46AdIM1gEaE2IAQGYAQm4AQrIAQXYAQHoAQH4AQuIAgGoAgO4Ao7as58GwAIB0gIkYjhmZjY4NmEtZDg2Ny00Y2Q2LWIzY2UtNzVhNDYwM2MwMjBj2AIG4AIB&sid=b764fed640d524b81967b116ed27a5b1&aid=304142&ucfs=1&arphpl=1&group_adults=2&req_adults=2&no_rooms=1&group_children=0&req_children=0&hpos=23&hapos=23&sr_order=popularity&srpvid=e9d666d1d7290013&srepoch=1676471845&from_beach_sr=1&from=searchresults#hotelTmpl,43.215456,5.535734,6,43.2140359,5.5396318,11.67
86,La Demeure Insoupçonnée,Cassis,"Located in Cassis, just a 10-minute walk from the seafront, La Demeure Insoupçonnée offers bed and breakfast accommodation with panoramic views of the sea, vineyards and Cape Canaille. ",9.3,https://www.booking.com/hotel/fr/la-demeure-insoupconnee.en-gb.html?label=gen173nr-1FCAEoggI46AdIM1gEaE2IAQGYAQm4AQrIAQXYAQHoAQH4AQuIAgGoAgO4Ao7as58GwAIB0gIkYjhmZjY4NmEtZDg2Ny00Y2Q2LWIzY2UtNzVhNDYwM2MwMjBj2AIG4AIB&sid=b764fed640d524b81967b116ed27a5b1&aid=304142&ucfs=1&arphpl=1&group_adults=2&req_adults=2&no_rooms=1&group_children=0&req_children=0&hpos=3&hapos=3&sr_order=popularity&srpvid=e9d666d1d7290013&srepoch=1676471845&from_beach_sr=1&from_sustainable_property_sr=1&from=searchresults#hotelTmpl,43.2191999,5.5471365,7,43.2140359,5.5396318,11.67
87,La douceur de Cassis,Cassis,Managed by a private host,9.3,https://www.booking.com/hotel/fr/la-douceur-de-cassis.en-gb.html?label=gen173nr-1FCAEoggI46AdIM1gEaE2IAQGYAQm4AQrIAQXYAQHoAQH4AQuIAgGoAgO4Ao7as58GwAIB0gIkYjhmZjY4NmEtZDg2Ny00Y2Q2LWIzY2UtNzVhNDYwM2MwMjBj2AIG4AIB&sid=b764fed640d524b81967b116ed27a5b1&aid=304142&ucfs=1&arphpl=1&group_adults=2&req_adults=2&no_rooms=1&group_children=0&req_children=0&hpos=2&hapos=2&sr_order=popularity&srpvid=e9d666d1d7290013&srepoch=1676471845&from_beach_sr=1&from=searchresults#hotelTmpl,43.215009,5.530956,8,43.2140359,5.5396318,11.67
88,Astoria Villa maison d hôtes Appartement vue mer avec piscine,Cassis,Managed by a private host,9.3,https://www.booking.com/hotel/fr/appartement-astoria-villa-face-piscine.en-gb.html?label=gen173nr-1FCAEoggI46AdIM1gEaE2IAQGYAQm4AQrIAQXYAQHoAQH4AQuIAgGoAgO4Ao7as58GwAIB0gIkYjhmZjY4NmEtZDg2Ny00Y2Q2LWIzY2UtNzVhNDYwM2MwMjBj2AIG4AIB&sid=b764fed640d524b81967b116ed27a5b1&aid=304142&ucfs=1&arphpl=1&group_adults=2&req_adults=2&no_rooms=1&group_children=0&req_children=0&hpos=30&hapos=30&sr_order=popularity&srpvid=e9d666d1d7290013&srepoch=1676471845&from_beach_sr=1&from=searchresults#hotelTmpl,43.211728,5.5286144,9,43.2140359,5.5396318,11.67
89,HPC Suites,Cassis,"Offering a shared outdoor pool with a terrace and views of the sea, HPC Suites is situated in a 4000 metres² park in the centre of Cassis. ",9.2,https://www.booking.com/hotel/fr/hpc-suites.en-gb.html?label=gen173nr-1FCAEoggI46AdIM1gEaE2IAQGYAQm4AQrIAQXYAQHoAQH4AQuIAgGoAgO4Ao7as58GwAIB0gIkYjhmZjY4NmEtZDg2Ny00Y2Q2LWIzY2UtNzVhNDYwM2MwMjBj2AIG4AIB&sid=b764fed640d524b81967b116ed27a5b1&aid=304142&ucfs=1&arphpl=1&group_adults=2&req_adults=2&no_rooms=1&group_children=0&req_children=0&hpos=14&hapos=14&sr_order=popularity&srpvid=e9d666d1d7290013&srepoch=1676471845&from_beach_sr=1&from_sustainable_property_sr=1&from=searchresults#hotelTmpl,43.21644024,5.54174572,10,43.2140359,5.5396318,11.67
90,Cassis Ma Vie Là,Cassis,Managed by a private host,9.1,https://www.booking.com/hotel/fr/cassis-ma-vie-la.en-gb.html?label=gen173nr-1FCAEoggI46AdIM1gEaE2IAQGYAQm4AQrIAQXYAQHoAQH4AQuIAgGoAgO4Ao7as58GwAIB0gIkYjhmZjY4NmEtZDg2Ny00Y2Q2LWIzY2UtNzVhNDYwM2MwMjBj2AIG4AIB&sid=b764fed640d524b81967b116ed27a5b1&aid=304142&ucfs=1&arphpl=1&group_adults=2&req_adults=2&no_rooms=1&group_children=0&req_children=0&hpos=22&hapos=22&sr_order=popularity&srpvid=e9d666d1d7290013&srepoch=1676471845&from_beach_sr=1&from_sustainable_property_sr=1&from=searchresults#hotelTmpl,43.216905,5.541446,11,43.2140359,5.5396318,11.67
91,L'ATELIER - Piscine - Dans les vignes - Cassis,Cassis,Managed by a private host,9.0,https://www.booking.com/hotel/fr/atelier-piscine-wifi-dans-les-vignes.en-gb.html?label=gen173nr-1FCAEoggI46AdIM1gEaE2IAQGYAQm4AQrIAQXYAQHoAQH4AQuIAgGoAgO4Ao7as58GwAIB0gIkYjhmZjY4NmEtZDg2Ny00Y2Q2LWIzY2UtNzVhNDYwM2MwMjBj2AIG4AIB&sid=b764fed640d524b81967b116ed27a5b1&aid=304142&ucfs=1&arphpl=1&group_adults=2&req_adults=2&no_rooms=1&group_children=0&req_children=0&hpos=9&hapos=9&sr_order=popularity&srpvid=e9d666d1d7290013&srepoch=1676471845&from_beach_sr=1&from=searchresults#hotelTmpl,43.2211281,5.5565709,12,43.2140359,5.5396318,11.67
92,LOU CIGALOU,Cassis,Managed by a private host,9.0,https://www.booking.com/hotel/fr/lou-cigalou-cassis.en-gb.html?label=gen173nr-1FCAEoggI46AdIM1gEaE2IAQGYAQm4AQrIAQXYAQHoAQH4AQuIAgGoAgO4Ao7as58GwAIB0gIkYjhmZjY4NmEtZDg2Ny00Y2Q2LWIzY2UtNzVhNDYwM2MwMjBj2AIG4AIB&sid=b764fed640d524b81967b116ed27a5b1&aid=304142&ucfs=1&arphpl=1&group_adults=2&req_adults=2&no_rooms=1&group_children=0&req_children=0&hpos=8&hapos=8&sr_order=popularity&srpvid=e9d666d1d7290013&srepoch=1676471845&from_beach_sr=1&from=searchresults#hotelTmpl,43.214926,5.532989,13,43.2140359,5.5396318,11.67
93,"Cassis, le Grand Bleu, triplex vue mer, port plage 10mn à pieds",Cassis,Managed by a private host,9.0,https://www.booking.com/hotel/fr/le-grand-bleu-cassis1.en-gb.html?label=gen173nr-1FCAEoggI46AdIM1gEaE2IAQGYAQm4AQrIAQXYAQHoAQH4AQuIAgGoAgO4Ao7as58GwAIB0gIkYjhmZjY4NmEtZDg2Ny00Y2Q2LWIzY2UtNzVhNDYwM2MwMjBj2AIG4AIB&sid=b764fed640d524b81967b116ed27a5b1&aid=304142&ucfs=1&arphpl=1&group_adults=2&req_adults=2&no_rooms=1&group_children=0&req_children=0&hpos=12&hapos=12&sr_order=popularity&srpvid=e9d666d1d7290013&srepoch=1676471845&from_beach_sr=1&from_sustainable_property_sr=1&from=searchresults#hotelTmpl,43.2208045,5.54229625,14,43.2140359,5.5396318,11.67
94,Cassis centre,Cassis,Managed by a private host,8.7,https://www.booking.com/hotel/fr/cassis-centre.en-gb.html?label=gen173nr-1FCAEoggI46AdIM1gEaE2IAQGYAQm4AQrIAQXYAQHoAQH4AQuIAgGoAgO4Ao7as58GwAIB0gIkYjhmZjY4NmEtZDg2Ny00Y2Q2LWIzY2UtNzVhNDYwM2MwMjBj2AIG4AIB&sid=b764fed640d524b81967b116ed27a5b1&aid=304142&ucfs=1&arphpl=1&group_adults=2&req_adults=2&no_rooms=1&group_children=0&req_children=0&hpos=16&hapos=16&sr_order=popularity&srpvid=e9d666d1d7290013&srepoch=1676471845&from_beach_sr=1&from=searchresults#hotelTmpl,43.21737259,5.53635836,15,43.2140359,5.5396318,11.67
95,LE REVE BLEU,Cassis,"Situated in Cassis, 1.1 km from Grande Mer and 1.4 km from Bestouan, LE REVE BLEU features accommodation with free WiFi, air conditioning, an outdoor swimming pool and a garden. ",8.6,https://www.booking.com/hotel/fr/le-reve-bleu-cassis.en-gb.html?label=gen173nr-1FCAEoggI46AdIM1gEaE2IAQGYAQm4AQrIAQXYAQHoAQH4AQuIAgGoAgO4Ao7as58GwAIB0gIkYjhmZjY4NmEtZDg2Ny00Y2Q2LWIzY2UtNzVhNDYwM2MwMjBj2AIG4AIB&sid=b764fed640d524b81967b116ed27a5b1&aid=304142&ucfs=1&arphpl=1&group_adults=2&req_adults=2&no_rooms=1&group_children=0&req_children=0&hpos=6&hapos=6&sr_order=popularity&srpvid=e9d666d1d7290013&srepoch=1676471845&from_beach_sr=1&from_sustainable_property_sr=1&from=searchresults#hotelTmpl,43.2206243,5.540767,16,43.2140359,5.5396318,11.67
96,Appartement Cassis vue mer d'exception,Cassis,Managed by a private host,8.6,https://www.booking.com/hotel/fr/appartement-st-marc-cassis.en-gb.html?label=gen173nr-1FCAEoggI46AdIM1gEaE2IAQGYAQm4AQrIAQXYAQHoAQH4AQuIAgGoAgO4Ao7as58GwAIB0gIkYjhmZjY4NmEtZDg2Ny00Y2Q2LWIzY2UtNzVhNDYwM2MwMjBj2AIG4AIB&sid=b764fed640d524b81967b116ed27a5b1&aid=304142&ucfs=1&arphpl=1&group_adults=2&req_adults=2&no_rooms=1&group_children=0&req_children=0&hpos=24&hapos=24&sr_order=popularity&srpvid=e9d666d1d7290013&srepoch=1676471845&from_beach_sr=1&from_sustainable_property_sr=1&from=searchresults#hotelTmpl,43.21875954,5.54379929,17,43.2140359,5.5396318,11.67
97,Sweet SEA HOME vue mer,Cassis,"Offering city views, Sweet SEA HOME vue mer is an accommodation set in Cassis, 600 metres from Grande Mer and less than 1 km from Bestouan. ",8.5,https://www.booking.com/hotel/fr/sea-home.en-gb.html?label=gen173nr-1FCAEoggI46AdIM1gEaE2IAQGYAQm4AQrIAQXYAQHoAQH4AQuIAgGoAgO4Ao7as58GwAIB0gIkYjhmZjY4NmEtZDg2Ny00Y2Q2LWIzY2UtNzVhNDYwM2MwMjBj2AIG4AIB&sid=b764fed640d524b81967b116ed27a5b1&aid=304142&ucfs=1&arphpl=1&group_adults=2&req_adults=2&no_rooms=1&group_children=0&req_children=0&hpos=26&hapos=26&sr_order=popularity&srpvid=e9d666d1d7290013&srepoch=1676471845&from_beach_sr=1&from_sustainable_property_sr=1&from=searchresults#hotelTmpl,43.21729234,5.53577062,18,43.2140359,5.5396318,11.67
98,UNE TERRASSE SUR LA MER 3 pers 2 chambres VUE MER,Cassis,"Located in Cassis, just 400 metres from Bestouan, UNE TERRASSE SUR LA MER 3 pers 2 chambres VUE MER provides beachfront accommodation with free WiFi. ",8.4,https://www.booking.com/hotel/fr/une-terrasse-sur-la-mer-cassis.en-gb.html?label=gen173nr-1FCAEoggI46AdIM1gEaE2IAQGYAQm4AQrIAQXYAQHoAQH4AQuIAgGoAgO4Ao7as58GwAIB0gIkYjhmZjY4NmEtZDg2Ny00Y2Q2LWIzY2UtNzVhNDYwM2MwMjBj2AIG4AIB&sid=b764fed640d524b81967b116ed27a5b1&aid=304142&ucfs=1&arphpl=1&group_adults=2&req_adults=2&no_rooms=1&group_children=0&req_children=0&hpos=1&hapos=1&sr_order=popularity&srpvid=e9d666d1d7290013&srepoch=1676471845&from_beach_sr=1&from_sustainable_property_sr=1&from=searchresults#hotelTmpl,43.21407197,5.53062182,19,43.2140359,5.5396318,11.67
99,L'ECHO DES FLOTS vue mer,Cassis,"Situated 60 metres from Bestouan, 1.3 km from Grande Mer and 1.7 km from Anse de Corton Beach, L'ECHO DES FLOTS vue mer features accommodation located in Cassis. ",8.2,https://www.booking.com/hotel/fr/echo-des-flots.en-gb.html?label=gen173nr-1FCAEoggI46AdIM1gEaE2IAQGYAQm4AQrIAQXYAQHoAQH4AQuIAgGoAgO4Ao7as58GwAIB0gIkYjhmZjY4NmEtZDg2Ny00Y2Q2LWIzY2UtNzVhNDYwM2MwMjBj2AIG4AIB&sid=b764fed640d524b81967b116ed27a5b1&aid=304142&ucfs=1&arphpl=1&group_adults=2&req_adults=2&no_rooms=1&group_children=0&req_children=0&hpos=28&hapos=28&sr_order=popularity&srpvid=e9d666d1d7290013&srepoch=1676471845&from_beach_sr=1&from_sustainable_property_sr=1&from=searchresults#hotelTmpl,43.2119159,5.53091776,20,43.2140359,5.5396318,11.67
